1,crucial,10,divergence,9,northland,9
4,divergence,9,northland,9,divergence,9
7,decomposition,8,causal,8,casual,8
10,causal,8,casual,8,causal,8
13,casual,8,causal,8,cozy,8
16,causal,8,casual,8,cozy,8
19,casual,8,causal,8,casual,8
22,cozy,8,decomposition,8,causal,8
25,casual,8,cozy,8,decomposition,8
28,simultaneously,8,decomposition,8,simultaneously,8
31,decomposition,8,simultaneously,8,decomposition,8
34,simultaneously,8,exploit,7,corpus,7
37,substantial,7,exploit,7,substantial,7
40,compound,7,exploit,7,compound,7
43,corpus,7,compound,7,exploit,7
46,substantial,7,exploit,7,corpus,7
49,substantial,7,corpus,7,substantial,7
52,compound,7,exploit,7,substantial,7
55,corpus,7,substantial,7,corpus,7
58,exploit,7,demonstrate,6,diverse,6
61,dedicated,6,demonstrate,6,dedicated,6
64,sentiment,6,dedicated,6,eliminate,6
67,cosy,6,demonstrate,6,cosy,6
70,distillation,6,sentiment,6,cumulative,6
73,sentiment,6,cumulative,6,distillation,6
76,saliency,6,demonstrate,6,saliency,6
79,cosy,6,sentiment,6,distillation,6
82,sentiment,6,diverse,6,saliency,6
85,facilitate,6,saliency,6,distillation,6
88,saliency,6,dedicated,6,facilitate,6
91,aggregation,6,sentiment,6,demonstrate,6
94,aggregation,6,facilitate,6,diverse,6
97,facilitate,6,aggregation,6,eliminate,6
100,aggregation,6,distillation,6,aggregation,6
103,distillation,6,diverse,6,facilitate,6
106,cumulative,6,eliminate,6,diverse,6
109,saliency,6,aggregation,6,demonstrate,6
112,identical,5,granularity,5,derived,5
115,hypothesis,5,illusion,5,explicit,5
118,illusion,5,taxonomy,5,derived,5
121,taxonomy,5,empirical,5,orthogonal,5
124,illusion,5,identical,5,spectrum,5
127,orthogonal,5,empirical,5,taxonomy,5
130,retrieval,5,exploiting,5,granularity,5
133,permutation,5,granularity,5,hypothesis,5
136,granularity,5,derived,5,denominator,5
139,ordinate,5,exploiting,5,denominator,5
142,exploiting,5,retrieval,5,unveil,5
145,exploiting,5,hypothesis,5,spectrum,5
148,illusion,5,taxonomy,5,unveil,5
151,hypothesis,5,explicit,5,ordinate,5
154,empirical,5,spectrum,5,exploits,5
157,unveil,5,permutation,5,exploits,5
160,empirical,5,permutation,5,exploits,5
163,derived,5,exploiting,5,spectrum,5
166,denominator,5,explicit,5,ordinate,5
169,orthogonal,5,permutation,5,denominator,5
172,retrieval,5,exploits,5,retrieval,5
175,explicit,5,identical,5,derived,5
178,empirical,5,spectrum,5,explicit,5
181,formidable,4,paradigm,4,dissertation,4
184,emerging,4,comprises,4,spatial,4
187,monolithic,4,heterogeneous,4,relay,4
190,converge,4,semantics,4,hello,4
193,carpenter,4,parsnip,4,scythe,4
196,parsnip,4,foraging,4,hello,4
199,dissertation,4,hello,4,foraging,4
202,scythe,4,carpenter,4,foraging,4
205,scythe,4,discard,4,paradigm,4
208,comprises,4,perplexity,4,exhibit,4
211,linguistics,4,pragmatics,4,evenly,4
214,linguistics,4,pragmatics,4,relay,4
217,tailored,4,hello,4,formidable,4
220,comprises,4,formidable,4,projection,4
223,dialogue,4,dissertation,4,converge,4
226,semantics,4,linguistics,4,pragmatics,4
229,perplexity,4,evenly,4,illustration,4
232,content,4,conjunction,4,dialogue,4
235,attribute,4,illustration,4,in the realm of,4
238,conjunction,4,emerging,4,lexical,4
241,tailored,4,paradigm,4,oriented,4
244,projection,4,spatial,4,backbone,4
247,allocation,4,negligible,4,implicit,4
250,evenly,4,exhibit,4,alleviate,4
253,simultaneous,4,illustration,4,exhibit,4
256,have emerged as,4,oriented,4,parsnip,4
259,have emerged as,4,oriented,4,speculation,4
262,simultaneous,4,monolithic,4,content,4
265,heterogeneous,4,emerging,4,converge,4
268,content,4,speculation,4,linguistics,4
271,semantics,4,pragmatics,4,content,4
274,dialogue,4,lexical,4,backbone,4
277,simultaneous,4,paradigm,4,emerging,4
280,implicit,4,tailored,4,alleviate,4
283,encompass,4,attribute,4,formidable,4
286,negligible,4,spatial,4,negligible,4
289,encompass,4,oriented,4,attribute,4
292,perplexity,4,negligible,4,monolithic,4
295,allocation,4,speculation,4,conjunction,4
298,converge,4,illustration,4,implicit,4
301,projection,4,backbone,4,perplexity,4
304,conjunction,4,lexical,4,dialogue,4
307,allocation,4,monolithic,4,semantics,4
310,projection,4,spatial,4,alleviate,4
313,backbone,4,heterogeneous,4,alleviate,4
316,allocation,4,encompass,4,implicit,4
319,discard,4,incisive,3,intellect,3
322,contemporary,3,aforementioned,3,concurrent,3
325,substantially,3,roadmap,3,fabric,3
328,aggregate,3,intersection,3,Pareto,3
331,infrastructure,3,appliance,3,Pareto,3
334,addressability,3,for the sake of,3,etymology,3
337,sun yat-sen,3,pelican,3,cottage,3
340,grass,3,cottage,3,pelican,3
343,gyrfalcon,3,Hogwarts,3,pelican,3
346,cauliflower,3,kale,3,Hogwarts,3
349,sovereign,3,complimentary,3,gyrfalcon,3
352,conspiracy theories,3,coherent,3,sun yat-sen,3
355,kale,3,bait,3,cottage,3
358,cauliflower,3,superior,3,kale,3
361,cauliflower,3,degradation,3,Tsien,3
364,Hsue-shen Tsien,3,individual,3,consequently,3
367,aforementioned,3,Tsien,3,subordinate,3
370,pulp,3,addressability,3,conceal,3
373,sovereign,3,dense,3,aforementioned,3
376,bait,3,decent,3,desert,3
379,discrete,3,grass,3,interleaving,3
382,etymology,3,addressability,3,aggregate,3
385,incisive,3,intellect,3,pulp,3
388,recurrent,3,incisive,3,intellect,3
391,MBTI,3,intuition,3,vert,3
394,distinct,3,decathlon,3,vert,3
397,sun yat-sen,3,Tsien,3,etymology,3
400,for the sake of,3,decathlon,3,consent,3
403,renaissance,3,on the fly,3,progressive,3
406,Hsue-shen Tsien,3,enumerating,3,on the fly,3
409,progressive,3,Hsue-shen Tsien,3,enumerating,3
412,heliotrope,3,conceal,3,heliotrope,3
415,conceal,3,scratch,3,context,3
418,prior,3,context,3,collapse,3
421,formulation,3,individual,3,formulation,3
424,estimation,3,curvature,3,complimentary,3
427,MBTI,3,intuition,3,versatile,3
430,estimation,3,versatile,3,desert,3
433,squad,3,decent,3,dense,3
436,decent,3,exclusive,3,sovereign,3
439,heliotrope,3,squad,3,coherent,3
442,individual,3,curvature,3,incur,3
445,prior,3,degradation,3,complementary,3
448,curated,3,scratch,3,estimation,3
451,candidate,3,appliance,3,curvature,3
454,exhibits,3,incur,3,retains,3
457,substitute,3,superior,3,retains,3
460,implication,3,discrete,3,exhibits,3
463,candidate,3,proposal,3,incur,3
466,degradation,3,distinct,3,numerator,3
469,abscissa,3,enumerating,3,orient,3
472,superior,3,recurrent,3,intensive,3
475,orient,3,coherent,3,progressive,3
478,conversion,3,substantially,3,temporal,3
481,proposal,3,drastically,3,appliance,3
484,proposal,3,prism,3,economic sanctions,3
487,squad,3,consent,3,versatile,3
490,roadmap,3,convergence,3,conjecture,3
493,convergence,3,collapse,3,complimentary,3
496,intersection,3,context,3,economic sanctions,3
499,unveiled,3,integral,3,desert,3
502,substitute,3,intensive,3,fabric,3
505,conjugate,3,renaissance,3,conversion,3
508,interleaving,3,dominant,3,subordinate,3
511,abscissa,3,subordinate,3,drastically,3
514,accomodate,3,accommodate,3,seamless,3
517,consequently,3,accomodate,3,accommodate,3
520,sophisticated,3,accommodate,3,temporal,3
523,interleaving,3,exclusive,3,scratch,3
526,integral,3,demonstrated,3,the landscape of,3
529,fabric,3,infrastructure,3,conjecture,3
532,abscissa,3,complementary,3,conjugate,3
535,concurrent,3,conjecture,3,conjugate,3
538,convergence,3,conversion,3,deviation,3
541,prism,3,tetrahedron,3,parallelogram,3
544,exclusive,3,implication,3,integral,3
547,intuition,3,deviation,3,multiplicand,3
550,numerator,3,parallelogram,3,intersection,3
553,prism,3,quotient,3,recurrent,3
556,substitute,3,tetrahedron,3,multiplicand,3
559,quotient,3,numerator,3,parallelogram,3
562,aggregate,3,tetrahedron,3,deviation,3
565,sophisticated,3,the landscape of,3,seamless,3
568,candidate,3,implication,3,seamless,3
571,infrastructure,3,roadmap,3,curated,3
574,complementary,3,unveiled,3,contemporary,3
577,sophisticated,3,discrete,3,retains,3
580,unveiled,3,consequently,3,prior,3
583,temporal,3,exhibits,3,intensive,3
586,substantially,3,on the fly,3,drastically,3
589,dominant,3,dense,3,renaissance,3
592,contemporary,3,distinct,3,concurrent,3
595,unwavering,2,intellection,2,Achieve every goal you,2
598,perceptron,2,occupancy,2,regime,2
601,restricts,2,trivial,2,efficacy,2
604,tackle,2,cryptocurrency,2,texure sampling,2
607,facilitates,2,spilling,2,pedal,2
610,competitive,2,primarily,2,Intel,2
613,AMD,2,NVIDIA,2,throttle,2
616,WIP,2,retrieved,2,subsequent,2
619,naive,2,mnemonic,2,ubuntu,2
622,CCCP,2,emerald,2,jewels,2
625,chocolate,2,I have enclosed the,2,Stardew Valley,2
628,tidying things up for,2,chocolate,2,Stardew Valley,2
631,ape,2,AMD,2,Intel,2
634,NVIDIA,2,I have enclosed the,2,valley,2
637,tidying things up for,2,overgrown,2,Pelican Town,2
640,APT,2,till,2,dig and till soil,2
643,crops,2,glass,2,swing by,2
646,penny,2,Harvey,2,Pelican Town,2
649,Albus Dumbledore,2,Hogwarts School of Witchcraft,2,overgrown,2
652,pale,2,forage,2,artifacts,2
655,stump,2,geode,2,herring,2
658,banboo,2,bamboo,2,banboo,2
661,bamboo,2,pole,2,sardine,2
664,apt,2,recipe,2,bears,2
667,sore,2,crops,2,recipe,2
670,wild,2,snack,2,Hogwarts School of Witchcraft,2
673,modalities,2,depict,2,stealth fighter,2
676,come up with,2,Serbia,2,plunge into,2
679,penny,2,deprecated,2,span,2
682,legacy,2,identically,2,chisel,2
685,resolving,2,carp,2,sore,2
688,expansion,2,forage,2,swing by,2
691,sardine,2,herring,2,stimulate,2
694,Harvey,2,crab,2,till,2
697,dig and till soil,2,jewels,2,yield,2
700,tulip,2,geode,2,petal,2
703,stir fries,2,come up with,2,scattered,2
706,candidates,2,emulate,2,Massachusetts,2
709,subsequently,2,chien,2,expectation,2
712,Massachusetts,2,rancher,2,expect,2
715,fluffy,2,council,2,allies,2
718,substantive,2,premier,2,mitigate,2
721,irrelevant,2,coarse,2,moderate,2
724,clipped,2,unimpeded,2,complicated,2
727,stump,2,elimination,2,occasionally,2
730,whilst,2,inclination,2,rancher,2
733,allusion,2,ascent,2,breathe,2
736,coarse,2,conscious,2,council,2
739,conscious,2,elicit,2,illicit,2
742,eminent,2,imminent,2,insure,2
745,elicit,2,illicit,2,eminent,2
748,imminent,2,insure,2,envy,2
751,allusion,2,infer,2,mortal,2
754,naval,2,pedal,2,petal,2
757,glass,2,pole,2,poll,2
760,stationary,2,EOT,2,crab,2
763,cheetah,2,pale,2,cheetah,2
766,domestic,2,instantaneous,2,sustain,2
769,pillow,2,adolescent,2,throttle,2
772,WIP,2,retrieved,2,mitigate,2
775,eliminates,2,emulate,2,eliminates,2
778,preserve,2,subsequent,2,omitted,2
781,resolve,2,wrap,2,cozy time,2
784,Achieve every goal you,2,depicted,2,compose,2
787,leverage,2,unwavering,2,intellection,2
790,Beethoven,2,compose,2,tulip,2
793,entail,2,fulfill,2,Kolon,2
796,Arcteryx,2,possess,2,concatenate,2
799,fulfill,2,complicated,2,liquor,2
802,gruel,2,Kolon,2,Arcteryx,2
805,flabbergasted,2,consequence,2,yield,2
808,competitively,2,flabbergasted,2,liquor,2
811,gruel,2,allegory,2,competitively,2
814,partial,2,narrative,2,mnemonic,2
817,discourse,2,coordinate,2,fluffy,2
820,prompt,2,circumvents,2,landscape,2
823,commodity,2,circumvents,2,rationale,2
826,surgeon,2,scalable,2,surgeon,2
829,scalable,2,inverse,2,alleviated,2
832,eviction,2,distiller,2,treat,2
835,visual treat,2,witnessed,2,outstrips,2
838,at the expense of,2,firefang,2,fang,2
841,pattern,2,split,2,cum,2
844,accumulate,2,cumulate,2,even,2
847,odd,2,oddly,2,treat,2
850,visual treat,2,witnessed,2,outstrips,2
853,at the expense of,2,firefang,2,fang,2
856,pattern,2,split,2,cum,2
859,accumulate,2,cumulate,2,even,2
862,odd,2,oddly,2,dryad,2
865,summit,2,dryad,2,summit,2
868,resolve,2,dimension,2,sapphire,2
871,emerald,2,counters,2,proportion,2
874,valley,2,Hsue-Shen Tsien,2,defence,2
877,counters,2,CCCP,2,commodity,2
880,in the context of,2,magnitude,2,intuitively,2
883,expect,2,sapphire,2,vocabulary,2
886,imitation,2,cyberloaf,2,vocabulary,2
889,cryptocurrency,2,readily,2,In spirit with,2
892,performantly,2,attitude,2,altitude,2
895,plateau,2,candidates,2,ambiguous,2
898,legacy,2,identicaly,2,identically,2
901,inclusive,2,may,2,april,2
904,splatting,2,ubuntu,2,construction,2
907,trivial,2,inverse,2,infeasible,2
910,investigate,2,moderate,2,premature,2
913,Hsue-Shen Tsien,2,in terms of,2,ablation,2
916,preserve,2,infeasible,2,circumvent,2
919,binomial,2,alleviated,2,comparative,2
922,supplementary,2,criteria,2,comprehensive,2
925,comparative,2,from scratch,2,contextual,2
928,everoverlooked,2,tackle,2,coordinated,2
931,unleashing,2,facilate,2,intrinsic,2
934,deterministic,2,imitation,2,MLP,2
937,agnostic,2,ternarization,2,agnostic,2
940,receptive,2,depicted,2,overlapping,2
943,resolution,2,non-convex,2,column-major,2
946,invariant,2,ratio,2,composite,2
949,overlapping,2,derivate,2,derivative,2
952,estimator,2,standard deviation,2,bald eagle,2
955,decay,2,patch,2,quasi,2
958,premature,2,in terms of,2,portal,2
961,Granularity,2,vice-versa,2,MLP,2
964,perceptron,2,shuffle,2,depict,2
967,pertinent,2,burdens,2,encounter,2
970,pertinent,2,burdens,2,emerged,2
973,switzerland,2,exclusively,2,competitive,2
976,fully-depleted,2,preliminaries,2,preliminary,2
979,Energon,2,possess,2,switzerland,2
982,Serbia,2,peculiar,2,cream-coloured,2
985,imperial,2,exclusively,2,fully-depleted,2
988,silicon-on-insulator,2,modalities,2,ubiquity,2
991,on par,2,equivalents,2,peculiar,2
994,restricts,2,incurs,2,encounter,2
997,encountered,2,eliminating,2,criteria,2
1000,symbolic,2,irrelevant,2,equivalents,2
1003,occupancy,2,be supplied as,2,sustain,2
1006,portion,2,regime,2,concurrently,2
1009,invariant,2,resolution,2,facilitating,2
1012,facilate,2,retrival,2,retrieve,2
1015,swizzle,2,weight stationay,2,stationary,2
1018,wrap,2,wild,2,cash strapped,2
1021,imperious,2,imperial,2,imperialism,2
1024,democracy,2,legislation,2,imperialism,2
1027,referendum,2,revolution,2,evolution,2
1030,poll,2,coalition,2,march,2
1033,april,2,may,2,referendum,2
1036,annealing,2,ape,2,PDE,2
1039,diverge,2,concurrency,2,consistent,2
1042,concurrency,2,Granularity,2,Adolf Hitler,2
1045,coordinate,2,orchestrating,2,convex,2
1048,Systematic,2,landscape,2,interior,2
1051,mitigation,2,vulnerability,2,mitigation,2
1054,vulnerability,2,stealth fighter,2,Bengal Empire,2
1057,kaiserreich,2,narrative,2,domestic,2
1060,democracy,2,vacuum,2,diphthong,2
1063,phonetic,2,diphthong,2,lateral,2
1066,discourse,2,vacuum,2,orchestrating,2
1069,juxtaposition,2,quagmire,2,ratio,2
1072,ubiquity,2,snack,2,shard,2
1075,shared ride,2,imperious,2,coalition,2
1078,cash strapped,2,dialect,2,reveal,2
1081,deliberate,2,premier,2,permuted,2
1084,Cambricon,2,Distiller,2,legislation,2
1087,bald eagle,2,contradiction,2,entail,2
1090,schema,2,winograd,2,winograde,2
1093,winograd,2,prompt,2,loci,2
1096,stimulate,2,naval,2,explicitly,2
1099,substantive,2,substitution,2,involvement,2
1102,non-convex,2,quasi,2,annealing,2
1105,particle,2,evaluation,2,University of Illinois at,2
1108,schema,2,coordinated,2,eliminating,2
1111,derivate,2,ablation,2,ablation study,2
1114,unprecedented,2,swizzling,2,permuted,2
1117,consolidation,2,halves,2,pivot,2
1120,consolidation,2,pervasively,2,unprecedented,2
1123,explicitly,2,diversity,2,facilitating,2
1126,in the context of,2,leverage,2,traverses,2
1129,mortal,2,rationale,2,shrink,2
1132,elongated,2,a magnitude of,2,incurs,2
1135,naive,2,non-negligible,2,elongated,2
1138,unleashing,2,deliberate,2,reveal,2
1141,dialect,2,shuffle,2,spilling,2
1144,axes,2,notation,2,consistent,2
1147,facilitates,2,intrinsic,2,halves,2
1150,circumvent,2,swizzling,2,swizzle,2
1153,apt,2,contiguous,2,evaluation,2
1156,concurrently,2,trained from scratch,2,from scratch,2
1159,efficacy,2,Distiller,2,non-negligible,2
1162,examiner,2,anticipate,2,emerged,2
1165,pervasively,2,plateau,2,retrieving,2
1168,anticipate,2,resolving,2,shrink,2
1171,kernel-based virtual machines,2,dramatically,2,corruption,2
1174,speculative,2,hypothetical,2,speculative,2
1177,binomial,2,circumcircle,2,circumference,2
1180,perimeter,2,circumference,2,oscillation,2
1183,cone,2,congruent,2,pendulum,2
1186,consecutive,2,consequence,2,construction,2
1189,contradiction,2,diverge,2,convex,2
1192,cosecant,2,cotangent,2,cuboid,2
1195,cylinder,2,oscillation,2,derivative,2
1198,dimension,2,discontinuity,2,disjunction,2
1201,eigenvalue,2,elimination,2,cuboid,2
1204,cone,2,cylinder,2,lateral,2
1207,equilateral,2,equilateral triangle,2,isosceles triangle,2
1210,rhombus,2,trapezium,2,pentagon,2
1213,hexagon,2,estimator,2,excentre,2
1216,disjunction,2,expansion,2,expectation,2
1219,factorization,2,perpendicular,2,friction,2
1222,histogram,2,incentre,2,inclination,2
1225,inclusive,2,inflection,2,instantaneous,2
1228,interaction,2,interior,2,friction,2
1231,loci,2,reflexive,2,non-trivial,2
1234,obtuse angle,2,orthocentre,2,particle,2
1237,pendulum,2,perimeter,2,perpendicular,2
1240,pivot,2,inflection,2,polyhedron,2
1243,proportion,2,proposition,2,imaginary number,2
1246,reflexive,2,remainder,2,revolution,2
1249,rhombus,2,secant,2,portion,2
1252,span,2,substitution,2,supplementary,2
1255,synthetic,2,trapezium,2,imaginary number,2
1258,proposition,2,minuend,2,remainder,2
1261,algebra,2,evolution,2,obtuse angle,2
1264,isosceles triangle,2,equilateral triangle,2,congruent,2
1267,cotangent,2,secant,2,cosecant,2
1270,polyhedron,2,pentagon,2,hexagon,2
1273,equilateral,2,incentre,2,excentre,2
1276,orthocentre,2,circumcircle,2,standard deviation,2
1279,histogram,2,interaction,2,comprehensive,2
1282,subsequently,2,retrieving,2,deterministic,2
1285,synthetic,2,inclusion,2,inclusion policies,2
1288,infer,2,eigenvalue,2,replicated,2
1291,thwarting,2,corruption,2,concatenate,2
1294,2025,2,affiliated,2,heuristic,2
1297,retrival,2,contextual,2,seek,2
1300,PDE,2,partial,2,symbolic,2
1303,affiliated,2,portal,2,algebra,2
1306,whilst,2,hypothetical,2,enumerate,2
1309,non-trivial,2,discontinuity,2,preliminaries,2
1312,notation,2,eviction,2,encountered,2
1315,replicated,2,retentive,2,intuitively,2
1318,retentive,2,bears,2,receptive,2
1321,drop-in,2,restricted,2,preliminary,2
1324,involvement,2,decay,2,primarily,2
1327,calibration,2,investigate,2,artifacts,2
1330,patch,2,scattered,2,drop-in,2
1333,distiller,2,inclusion,2,nickel,2
1336,fast-aggregation,2,dramatically,2,deprecated,2
1339,tuple,2,attributes,2,ambiguous,2
1342,tuple,2,seek,2,omitted,2
1345,attributes,2,consecutive,2,phonetic,2
1348,enumerate,2,retrieve,2,calibration,2
1351,2025,2,Attention Is All You,1,attention,1
1354,synergies,1,Neural Radiation Field Rendering,1,Neural Radiance Fields,1
1357,spatial modeling,1,scene reconstruction,1,obstacles,1
1360,multilayer perceptron,1,grid occupancy,1,early termination computation unit,1
1363,render synthetic data,1,circumstances,1,alleviation,1
1366,demonstrates,1,the old idea of,1,prototyping platform,1
1369,prohibitively,1,prohibitively expensive,1,residing,1
1372,reside on,1,Confident Adaptive Language Modeling,1,drastic,1
1375,drastic increase,1,drastic increase in the,1,composed of,1
1378,In practice^ however^ the,1,full capacity,1,continuations,1
1381,empirical experiments,1,computing resource utilization,1,pragmatic,1
1384,decouple,1,persistently,1,primitives,1
1387,transceivers,1,NIC,1,attainable,1
1390,expressiveness,1,computation capacity,1,confines,1
1393,confines the devices to,1,articulated,1,viz.,1
1396,viz,1,infringements,1,epoch,1
1399,one epoch,1,scoreboard,1,texture,1
1402,excelling,1,seamlessly,1,acronyms,1
1405,optimal,1,hello world,1,scalar,1
1408,unencumbered,1,identify,1,deficiency,1
1411,inability,1,round-robin,1,Arxiv,1
1414,compressing,1,organ,1,uncountable,1
1417,innumerable,1,Harry Potter,1,Rowling,1
1420,synergy,1,resiliency,1,pareto optimal,1
1423,quantitative biology,1,University of Minnesota,1,Berlins Drittes Geschlecht,1
1426,LGBT,1,LGBTQ,1,proprietary,1
1429,from the ground up,1,production-grade,1,omg,1
1432,production grade GPUs,1,dispatcher,1,metadata,1
1435,interface with,1,GPU,1,Jensen Huang,1
1438,Elon Musk,1,Elon Reeve Musk,1,Lisa Su,1
1441,simplicity,1,outgoing requests,1,relay responses,1
1444,free up,1,牛排,1,Minecraft,1
1447,俄罗斯方块,1,tetris,1,warp scheduling,1
1450,warp,1,multiple batches of threads,1,synchronously,1
1453,asynchronous,1,has to be built,1,built around,1
1456,naive assumption,1,assumption,1,consumption,1
1459,individual threads,1,branch divergence,1,PLA,1
1462,cpc,1,CCP,1,USSR,1
1465,fluoroquinolone,1,loratadine,1,Covid,1
1468,COVID-19,1,titin,1,protein,1
1471,protein titin,1,pronounce,1,methionyl,1
1474,A fictional dish of,1,pneumonoultramicroscopicsilicovolcanoconiosis,1,supercalifragilisticexpialidocious,1
1477,Pseudopseudohypoparathyroidism,1,antidisestablishmentarianism,1,honorificabilitudinitatibus,1
1480,schmaltz,1,leprechauns,1,Sometimes^ you get to,1
1483,Love can touch us,1,dion,1,Paramount Pictures^ Inc.,1
1486,iron man,1,Captain America,1,Apache,1
1489,irak,1,伊拉克,1,柯林斯,1
1492,Collins,1,goblins,1,saintess,1
1495,stake,1,Bruce Lee,1,kungfu,1
1498,nemo,1,demo,1,demonstration,1
1501,ruby,1,绿宝石,1,CET-4,1
1504,CET-6,1,GMAT,1,GRE,1
1507,IELTS,1,TOEFL,1,frisk,1
1510,dragon,1,多拉贡,1,cookies,1
1513,enclosed,1,southern coast,1,mayer,1
1516,undertrained,1,装备,1,胡子,1
1519,acc.,1,mustache,1,Donald Trump,1
1522,Joe Biden,1,拜登,1,instant kill,1
1525,instant,1,Ferring,1,方便面,1
1528,Geng,1,中山大学,1,Flyco,1
1531,AMR,1,arm,1,apple,1
1534,sealed,1,the burden of,1,the burden of modern,1
1537,fade,1,let grandpa rest,1,thrive,1
1540,in dire need of,1,deed,1,my pride and joy,1
1543,stardew,1,dew,1,local carpenter,1
1546,tidying,1,underneath,1,with a little dedication,1
1549,dedication,1,rustic,1,that is one way,1
1552,crusty,1,crusty might be a,1,a little apt,1
1555,rube,1,appreciate,1,come by,1
1558,hoe,1,use your hoe to,1,seed packet,1
1561,sow a crop,1,harvest,1,cultivate,1
1564,cultivate and harvest a,1,cultivate and harvest a,1,greeted,1
1567,anxious,1,choop,1,chop,1
1570,chop woods,1,can,1,watering can,1
1573,hay,1,silo,1,mature,1
1576,Marnie,1,Mayor Lewis,1,livestock,1
1579,animal care products,1,ranch,1,swing,1
1582,you should swing by,1,complain,1,rickety,1
1585,deep down,1,sewer,1,beloved,1
1588,I will see you,1,Leah,1,lovely,1
1591,check-up,1,regular check-ups,1,resident,1
1594,格兰芬多,1,拉文克劳,1,赫奇帕奇,1
1597,斯莱特林,1,Gryffindor Ravenclaw Hufflepuff Slytherin,1,伏地魔,1
1600,Voldemort,1,邓布利多,1,斯内普,1
1603,西弗勒斯,1,Severus Snape,1,sever,1
1606,赫敏格兰杰,1,罗恩韦斯莱,1,Hermione Granger,1
1609,Ron Weasley,1,小天狼星布莱克,1,Sirius Black,1
1612,阿不思邓布利多,1,Rita Skeeter,1,霍格沃茨,1
1615,霍格沃茨魔法学校,1,rewarding work,1,involved,1
1618,too involved with,1,only a master of,1,granny,1
1621,abigail,1,sa,1,sap,1
1624,nap,1,sturdy,1,material,1
1627,decorative,1,decorative bowl,1,archaeological,1
1630,curator,1,make off,1,remedy,1
1633,minerals,1,handful,1,tutoring,1
1636,Joja customer satisfaction representative,1,transition,1,joyous,1
1639,saloon,1,blacksmith,1,backpack,1
1642,Pierre got you covered,1,affordable,1,clay,1
1645,ahoy,1,ahoy there,1,unwind,1
1648,I'm still tryin' to,1,sea,1,haul,1
1651,钓鱼竿,1,supplied,1,supplies,1
1654,pappy,1,beside,1,eyesore,1
1657,community,1,bustling,1,shameful,1
1660,Flok,1,folk,1,hounding,1
1663,warehouse,1,get attached to,1,relics,1
1666,dilapidated,1,bean,1,bean starter,1
1669,starter,1,trellis,1,jazz,1
1672,sampling,1,cherry,1,bears fruit,1
1675,apricot,1,sparked,1,cabin,1
1678,coop,1,barn,1,scarecrow,1
1681,crow,1,snacking,1,nightly rounds,1
1684,topaz,1,shelf,1,tent,1
1687,Linus,1,peering down,1,ore,1
1690,undisturbed,1,rusty,1,proficiency,1
1693,snake,1,field snack,1,Roberta,1
1696,Jax,1,多模态,1,biased,1
1699,widgets,1,welsh,1,kabele,1
1702,Kabyle,1,snippet,1,sentiment analysis,1
1705,tokenized,1,harmlessness,1,harmless,1
1708,innocuousness,1,pollution,1,hello world!,1
1711,a large corpus of,1,diss,1,latter,1
1714,Cambrian,1,iconic,1,lookers,1
1717,drones,1,ventures,1,gorgeous,1
1720,looks into it,1,intefere,1,sovereign country,1
1723,you wish,1,vies,1,better sleep after coming,1
1726,Please pass the good,1,Please pass the good,1,smoking something,1
1729,puppet,1,state subject,1,A frog at the,1
1732,pathetic military,1,aeronautical,1,condescend,1
1735,Pagani,1,zonda,1,Pagani Zonda,1
1738,cinque,1,comparisons,1,condescends,1
1741,tone,1,aviation,1,aviation industry,1
1744,revolutionary,1,annihilation,1,kill,1
1747,Annihilation 20,1,Annihilation 35,1,coincidence,1
1750,moniker,1,Dassault,1,Dassault Aviation,1
1753,sherlock,1,atlantic ocean,1,Atlantic,1
1756,plug into,1,submarine,1,induce,1
1759,confuse,1,invade,1,ally,1
1762,it confuses me how,1,civil war,1,go figure out,1
1765,pfff,1,PFF,1,humiliate,1
1768,geopolitics,1,lecture,1,conspiracy,1
1771,aka,1,troop,1,condescending,1
1774,unisex,1,masculine,1,feminine,1
1777,fluctuate,1,a passage of,1,passage,1
1780,paragraph,1,classifier,1,CLS,1
1783,Sep,1,separator,1,differentiate,1
1786,restructure,1,refactor,1,commented,1
1789,apparently,1,chiseled,1,earthling,1
1792,greetings,1,bristle,1,APB,1
1795,AHB,1,AXI,1,snacks,1
1798,毛泽东,1,Mao Zedong,1,horseradish,1
1801,quarterback,1,calzone,1,corp,1
1804,chub,1,green algae,1,algae,1
1807,slimy,1,caramel,1,Porters,1
1810,caramel porters,1,bass,1,smallmouth,1
1813,annual,1,cranky,1,bream,1
1816,stock,1,deluxe,1,HENS,1
1819,bowls,1,corn,1,diet,1
1822,seaweed,1,fiberglass,1,gadgets,1
1825,dandelion,1,leek,1,leak,1
1828,salmon,1,salmonberry,1,fertilizers,1
1831,oyster,1,toxins,1,mussel,1
1834,folks,1,come and get it,1,coupons,1
1837,I cant match those,1,I would be selling,1,vinegar,1
1840,fertilizer,1,tilled soil,1,retaining,1
1843,guaranteed,1,ripe,1,daffodil,1
1846,jelly,1,river jelly,1,population,1
1849,pollutant,1,POTS,1,unmilled,1
1852,milled,1,mill,1,till soil,1
1855,roe,1,yield roe,1,fire quartz,1
1858,stray,1,pooch,1,mayonnaise,1
1861,sprinkler,1,whack,1,jamborite,1
1864,mineral,1,Gunther,1,museum,1
1867,drip,1,make my nose drip,1,chore,1
1870,house chores,1,chores,1,yellow curry,1
1873,curry,1,waxy,1,stir,1
1876,fries,1,jade,1,smelt,1
1879,metal,1,bars,1,smelt metal bars,1
1882,clinic,1,billed,1,billed you,1
1885,you might even want,1,strawberry,1,promote,1
1888,townsfolk,1,cultivating,1,compassion,1
1891,fellow,1,for there fellow man,1,plastic,1
1894,guild,1,surplus,1,well,1
1897,throne,1,weaker correlations,1,candidate selection,1
1900,conserve,1,conversely,1,discord,1
1903,fregean compositionality,1,Fregean,1,conservative,1
1906,QIAN,1,hsue-shen,1,Theodore von Karman,1
1909,van der Waals,1,Daniel and Florence Guggenheim,1,represented by,1
1912,surpassing,1,owing to,1,neglects,1
1915,angular,1,singular values,1,derive,1
1918,curves,1,steeper,1,neglect,1
1921,nigger,1,offensive,1,combine,1
1924,包括,1,包含,1,comprise,1
1927,rifle,1,狙击步枪,1,sniper,1
1930,sniper rifle,1,HIMARS,1,mobility,1
1933,artillery,1,Cheshire,1,RPC,1
1936,PRC,1,oppo,1,vivo,1
1939,vivace,1,roast,1,roast me,1
1942,swallow,1,depression,1,MIT,1
1945,indian,1,giggity guggity goo,1,Aussie,1
1948,dunk,1,substrate,1,molding,1
1951,bumps,1,interposer,1,HBM,1
1954,Odyssey,1,convincing,1,gigantic,1
1957,Mongolia,1,feint,1,fierce,1
1960,yell,1,unconcealable,1,incandescent,1
1963,stylish,1,blossom,1,nostalgic,1
1966,outfit,1,gacha,1,pastoral,1
1969,patronus,1,permanent,1,Security Council,1
1972,sovereign state,1,charter,1,轴心国,1
1975,axis power,1,axis powers,1,greenfield,1
1978,consensus,1,desirable,1,kurtosis,1
1981,unravell,1,enigmas,1,attribute to,1
1984,pervasive,1,canonical,1,fine,1
1987,intermediary,1,toss up,1,toss,1
1990,sliding,1,slippery,1,orientated,1
1993,potentially,1,refund,1,beaten,1
1996,at a glance,1,glance,1,frustrating,1
1999,glitches,1,bounce,1,bother,1
2002,insult,1,insultingly,1,shove,1
2005,loose,1,goose,1,affect,1
2008,effect,1,altar,1,alter,1
2011,amend,1,ament,1,appraise,1
2014,ascend,1,assent,1,aural,1
2017,oral,1,bated,1,bate,1
2020,baited,1,berth,1,birth,1
2023,berate,1,biannual,1,biennial,1
2026,金融的,1,financial,1,brake,1
2029,break,1,breath,1,canvas,1
2032,canvass,1,capital,1,Capitol,1
2035,cite,1,site,1,sight,1
2038,climatic,1,climactic,1,complement,1
2041,compliment,1,concede,1,conscience,1
2044,counsel,1,康赛尔,1,cue,1
2047,current,1,Corrent,1,dessert,1
2050,device,1,devise,1,disburse,1
2053,disperse,1,discreet,1,ensure,1
2056,navy,1,envious,1,farther,1
2059,father,1,further,1,flaunt,1
2062,flout,1,flounder,1,founder,1
2065,forbear,1,foreword,1,forward,1
2068,gibe,1,jibe,1,heal,1
2071,heel,1,idiosyncrasy,1,idiosyncracy,1
2074,imply,1,incite,1,leach,1
2077,leech,1,medal,1,meddle,1
2080,moral,1,navel,1,nun,1
2083,peal,1,peel,1,pique,1
2086,plain,1,pore,1,pour,1
2089,profit,1,prophet,1,raze,1
2092,stationery,1,eodas,1,handover,1
2095,maneuver,1,talent,1,有才,1
2098,sonic,1,hypersonic,1,reflect,1
2101,array,1,crewmate,1,crew,1
2104,reactor,1,medbay,1,MED,1
2107,bay,1,cafeteria,1,imposter,1
2110,animated,1,spree,1,acinonyx,1
2113,jubatus,1,tawny,1,creamy,1
2116,buff,1,fur,1,evenly spaced,1
2119,snout,1,streaks,1,cougar,1
2122,Herpailurus,1,Otocolobus,1,Prionailurus,1
2125,leopard,1,lynx,1,puma,1
2128,felis,1,phylogeny,1,obsidian,1
2131,observe,1,PC,1,生产质量,1
2134,falcon,1,bacon,1,peregrine,1
2137,emu,1,roadrunner,1,springbok,1
2140,spring,1,BOK,1,gazelle,1
2143,哥斯拉,1,Godzilla,1,zilla,1
2146,hare,1,eland,1,giraffe,1
2149,warthog,1,s,1,sprinting,1
2152,metre,1,meter,1,commencement,1
2155,endurance,1,outrun,1,sled dog,1
2158,wombats,1,woman,1,girlfriend,1
2161,buddy,1,pillow friend,1,casual sex,1
2164,SP,1,Friend with benefit,1,Adole,1
2167,routine,1,soc,1,windy,1
2170,relay on,1,rely on,1,rely,1
2173,honey,1,I love you^ honey,1,pumpkin,1
2176,boo,1,bro,1,effortless,1
2179,LSTM,1,cascaded,1,climate,1
2182,Slackware,1,mimic,1,Xmas,1
2185,xylitol,1,kick off,1,waddle,1
2188,终结,1,gauged,1,directive,1
2191,treasury,1,involves,1,compact,1
2194,be derived by,1,aggregating,1,concentrating,1
2197,copy,1,copy that,1,MIGHTY DRAGON,1
2200,prodigious,1,unyielding,1,目录,1
2203,dir,1,directory,1,directories,1
2206,elaborate,1,royalty,1,youdao,1
2209,formidable drive,1,steadfast determination,1,incisive intellect,1
2212,concentrating on,1,regarded as,1,cause,1
2215,regardless,1,递归,1,regress,1
2218,regression,1,recursion,1,inspire,1
2221,inspiration,1,transforming,1,Ludwig,1
2224,Ludwig van Beethoven,1,composer,1,Fate Symphony,1
2227,symphony,1,Symphony No. 5 in,1,motif,1
2230,rose,1,lily,1,carnation,1
2233,sunflower,1,daisies,1,violets,1
2236,gypsophila,1,hydrangeas,1,calla,1
2239,cornerstones,1,milestone,1,perceptrons,1
2242,Kolmogorov,1,Arnold,1,fairer,1
2245,comparison,1,sane,1,stay foolish to stay,1
2248,HERMES,1,radioactive,1,myth,1
2251,greek,1,Greek myth,1,ICARUS,1
2254,mythology,1,craftsman,1,Myers-Briggs Type Indicator,1
2257,introversion,1,extraversion,1,sensing,1
2260,thinking,1,feeling,1,judging,1
2263,perceiving,1,introverted,1,version,1
2266,projected,1,comprehend,1,update,1
2269,relevance,1,concatenated,1,the concept entails that,1
2272,concept,1,entails,1,possesses,1
2275,entails that,1,concentrate,1,concentrate on,1
2278,wine,1,rice gruel,1,steamed bun,1
2281,bun,1,perch,1,Peiping,1
2284,limpid,1,serene,1,melancholy,1
2287,wither,1,moist,1,pallid,1
2290,muddling,1,urban,1,dwellers,1
2293,chill,1,relishing,1,appealing,1
2296,temperate,1,shower,1,getting cooler with each,1
2299,golden days,1,Ershisi Bridge,1,Mizuno,1
2302,thence,1,serves as,1,transformation,1
2305,transformer,1,pairwise,1,escalates,1
2308,emerge,1,emerge as,1,emerge as the primary,1
2311,reconcile,1,might,1,aerospace,1
2314,sailing,1,Wade Giles,1,literature,1
2317,comparatively,1,faculty,1,fulfillment,1
2320,Barbour,1,Barbor,1,fiction,1
2323,sacred,1,scripture,1,insane,1
2326,in-sync,1,batches,1,something casual,1
2329,first date,1,bumble,1,cosy time,1
2332,swot,1,relayed,1,laid out,1
2335,accessories,1,accessory,1,appeal,1
2338,robust,1,hydra,1,draft,1
2341,promptly,1,underlying,1,diverged,1
2344,Lotter,1,lottery,1,avenue,1
2347,likelihood,1,sheared,1,absorbing,1
2350,homologous,1,free lunch,1,gradients,1
2353,sparsification,1,Compound Sparsification,1,scroll,1
2356,Knowledge Distillation,1,Downstream compression,1,dimensionality,1
2359,Exel,1,excel,1,excel in,1
2362,evicting,1,tear down,1,thriller,1
2365,tremble,1,shiver,1,salute,1
2368,Sapphire Rapids,1,disproportionately,1,proportionate,1
2371,proport,1,paraphrase,1,Vally,1
2374,stretch,1,defence date,1,aeronautics,1
2377,HSUE-SHEN TSIEN,1,superaerodynamics,1,mechanics,1
2380,rare,1,rarefied,1,procrastination,1
2383,lottery ticket,1,recall,1,SU,1
2386,苏联,1,soviet,1,primary,1
2389,in this context,1,fragile,1,perturb,1
2392,pertubation,1,perturbation,1,weight saliency metrics,1
2395,rectangular,1,saliency metrics,1,tolerable,1
2398,Platon,1,wham,1,Oder,1
2401,order,1,tomcat,1,daemon,1
2404,Dunhill,1,Jensen,1,jensen huang,1
2407,jen-hsun huang,1,influential,1,follow,1
2410,leather bomber jacket,1,transfer,1,base,1
2413,bomber,1,Alfred,1,handle,1
2416,fly off,1,acheeee,1,enhancement,1
2419,enhaced,1,enhanced,1,TEM8,1
2422,vovabulary,1,TEM4,1,nil,1
2425,assigned,1,originality,1,origin,1
2428,peer,1,engaging,1,entertainment,1
2431,entertain,1,entertaining,1,amuses,1
2434,entertain doubots,1,entertain doubts,1,goubts,1
2437,doubts,1,vocabularay,1,successful,1
2440,sosy,1,positif,1,diffusion,1
2443,INTP,1,ENTJ,1,ideal,1
2446,intuitive,1,extraverted,1,interverted,1
2449,intervert,1,内向,1,introvert,1
2452,ayaka,1,ayato,1,ayaya,1
2455,ayka,1,AK47,1,tron,1
2458,swift,1,hyf,1,hytf,1
2461,hyft,1,Marginally,1,threshold,1
2464,tonnage,1,luft,1,waffe,1
2467,luftwaffe,1,enormous,1,prohibit,1
2470,pursued,1,impactful,1,Over-Parameterized,1
2473,performent,1,performant,1,VNNI,1
2476,read,1,ready,1,attitute,1
2479,aptitude,1,amplitude,1,longitude,1
2482,latitude,1,basin,1,canyon,1
2485,cannon,1,continent,1,glacier,1
2488,peninsula,1,strait,1,gulf,1
2491,volcano,1,pickle,1,dencent,1
2494,desent,1,tramp,1,trump,1
2497,DPI,1,Apparently,1,独立的,1
2500,indenpendent,1,independent,1,indentical,1
2503,identity,1,auto,1,automobile,1
2506,automatic,1,freestyle,1,freestanding,1
2509,autonomous,1,Bordeaux,1,symposium,1
2512,conference,1,Mayt,1,May,1
2515,historic,1,Recipients,1,Dissertation,1
2518,San Francisco^ CA,1,加利福尼亚州,1,terminology,1
2521,objectionable,1,Exhibition,1,extended,1
2524,Symposia,1,Ethereal,1,annotation,1
2527,gaussian splatting,1,gaussian,1,realm,1
2530,radiance,1,3D Gaussian Splatting,1,verse,1
2533,melody,1,density,1,IEE,1
2536,IEEE,1,AAAI,1,periphral,1
2539,peripheral,1,mingw64,1,pacman,1
2542,patient,1,loreal,1,loral,1
2545,loyal,1,construct,1,instincts,1
2548,wondrous,1,estimate,1,quantile,1
2551,trivel,1,lack of novelty and,1,credit,1
2554,Koenker,1,corherent,1,fragment,1
2557,Information Capacity,1,Recruitment,1,Position,1
2560,Recruitment Position List,1,Campus Recruitment Position List,1,Corollary,1
2563,bodyguard,1,enin,1,erin,1
2566,hunter,1,erin hunter,1,Compound,1
2569,PLATON,1,sailency,1,vurvature,1
2572,loss curvature,1,parametrization,1,yields,1
2575,“but we show that,1,but we show that,1,matrix inversion,1
2578,inherently,1,noisy,1,yielding,1
2581,regimes,1,GAN,1,hardness,1
2584,hardness parameter,1,mixture,1,Contrary to,1
2587,intermediate,1,orderof-magnitude,1,order-of-magnitude,1
2590,obtain,1,obtaining,1,tenary,1
2593,ternary,1,Spectrum,1,Hessian Spectrum,1
2596,inverstigate,1,showcase,1,in conjuction with,1
2599,in conjunction with,1,downstream,1,Upstream,1
2602,incure,1,orthography,1,religious,1
2605,premature death,1,Tsien Hsue-Shen,1,Nevertheless,1
2608,emphasize,1,damp,1,Generalized,1
2611,failure,1,accordingly,1,occur,1
2614,gradually,1,i.e.,1,expand,1
2617,in practice,1,intractable,1,correlations,1
2620,Validation,1,neglected,1,dearth,1
2623,pruning,1,plum,1,prune,1
2626,shed,1,shed light,1,commonalities,1
2629,prospect,1,adversarial,1,robustness,1
2632,Adelaide,1,analyzer,1,regulation,1
2635,regularization,1,reinforcement,1,reinforcement learning,1
2638,supervision,1,compression,1,PERPLEXITY,1
2641,ACCELARETORS,1,accelerators,1,Комитет Государственной Безопасности,1
2644,Kotel,1,estimatino,1,estimatin,1
2647,mahjong,1,attained,1,comprehensioin,1
2650,comprehension,1,prevalent,1,solely,1
2653,pinpoint,1,ever-overlooked,1,coordination,1
2656,excessive,1,predicts,1,distributed,1
2659,ALLEGORY,1,leashing,1,disaggregated,1
2662,serving,1,irregularly,1,block-circulant matrix,1
2665,circulant,1,semi-structured,1,Exploration,1
2668,Coarse-grained,1,Fine-frained,1,Fine-grained,1
2671,Sun Yat-Sen,1,presence,1,in presence of,1
2674,determinstic,1,deterministric,1,federated,1
2677,federate,1,common men,1,impact,1
2680,predict,1,predictive,1,quest,1
2683,footprint,1,abstraction,1,outline,1
2686,novice,1,seasoned,1,spark,1
2689,plethora,1,spark a plethora of,1,linear projection,1
2692,flattented,1,flattened,1,patches,1
2695,福,1,blessing,1,覆盖,1
2698,coverage,1,diverage,1,entropy,1
2701,sub-optimal,1,Estimator,1,backpropagation,1
2704,Binarization,1,Separable,1,Recursive,1
2707,atrous,1,fine-granular,1,establishes,1
2710,forgo,1,prohibits,1,Task-agnostic,1
2713,Pointwise,1,Discriminative,1,by constrast,1
2716,by contrast,1,inductive,1,interdependencies,1
2719,saliency^,1,pros and cons,1,hinder,1
2722,Gradual magnitude pruning,1,inherited,1,benifit from,1
2725,benefit from,1,recursive,1,compensate,1
2728,virtue,1,by cirtue of,1,by virtue of,1
2731,row-major,1,portions,1,capsule,1
2734,alternately.,1,dice,1,the presence of,1
2737,inaccuracies,1,invalidate,1,implications,1
2740,influence,1,implicitly,1,bangkok,1
2743,batit,1,casa,1,dedignation,1
2746,derivativ,1,symmetrical,1,constitutes,1
2749,constitude,1,constitute,1,Straight-Through Estimator,1
2752,estimated,1,attaining,1,emergent,1
2755,marginal,1,centroids,1,Accommodating,1
2758,spread,1,nested,1,activated,1
2761,patch merging,1,allocate,1,rapid,1
2764,pseudo,1,pseudorandom,1,Quasi Mote Caro,1
2767,Quasi Monte Carlo,1,prematurely,1,纹身,1
2770,tattoo,1,eyeful,1,horn,1
2773,horny,1,aroused,1,sexually aroused,1
2776,deics,1,edics,1,ethnic origins,1
2779,ancestry,1,in terms of race,1,affiliations,1
2782,rearrangement,1,intervention,1,complicates,1
2785,systematically,1,principle,1,off the rails,1
2788,alternate,1,gradient,1,multi-layer perceptron,1
2791,decipting,1,decipt,1,depicting,1
2794,Static,1,applicable,1,adaptablility,1
2797,reorder,1,Ariane,1,emerged as,1
2800,zurich,1,bologna,1,University of Bologna,1
2803,intensities,1,arithmetic intensities,1,deplet,1
2806,depleted,1,deplete,1,denominator inversion,1
2809,分子,1,分母,1,molecule,1
2812,inversino,1,inversion,1,integrity,1
2815,eplision,1,eplison,1,epsilon,1
2818,transliterate,1,transcribe,1,dictation,1
2821,with respect to,1,Energon Crystals,1,Iron Man,1
2824,permitted,1,verbatim,1,inaccessable,1
2827,arctic,1,vault,1,arctic code vault contributor,1
2830,plaza,1,struck,1,truck,1
2833,starsturck,1,starstruck,1,extravert,1
2836,extraordinate,1,横坐标,1,经度,1
2839,纬度,1,extraordinaire,1,extraordinary,1
2842,ordinary,1,badge,1,tiers,1
2845,Asymptotic,1,Speculating,1,Asymptotic Sparsity Speculating,1
2848,mandatory,1,institutional,1,reverse,1
2851,smuggling,1,Switzerland,1,Rhine,1
2854,Gursky,1,detect,1,present,1
2857,St Petersburg,1,St,1,theatre,1
2860,finland,1,sweden,1,norway,1
2863,iceland,1,Ukraine,1,Poland,1
2866,Austria,1,Austrlia,1,Austrilia,1
2869,Belgium,1,Vantican,1,Vatican,1
2872,Spain,1,spin,1,Turkey,1
2875,Turkiye,1,Türkiye,1,photography,1
2878,ABBR,1,abbreviated,1,abbreviation,1
2881,australia,1,austria,1,paradise,1
2884,Gloss,1,gross,1,Grossglockner,1
2887,glock,1,Österreich,1,Ostarrîchi,1
2890,marchia austriaca,1,oriental,1,orlen,1
2893,parship,1,Hopfield,1,goverment,1
2896,gorvement,1,governor,1,government,1
2899,cult,1,adeptus,1,mechanicus,1
2902,worshiipers,1,on-the-fly,1,insulator,1
2905,revolutionized,1,RNN,1,multiple modalities,1
2908,perform on par,1,superlinear,1,a superlinear number of,1
2911,Furthermore,1,necessitats,1,necessitates,1
2914,fashion,1,denominator summation,1,in turn,1
2917,despite,1,aggressive,1,aggress,1
2920,PRELIMINARIES,1,transformations,1,projection space,1
2923,fetch,1,utilize,1,EMERGING APPLICATIONS,1
2926,asymptotic,1,bidirectional asymptotic speculation unit,1,preferable,1
2929,parametric,1,partial sums,1,clipping,1
2932,incorporates,1,prevent,1,downside,1
2935,a small portion of,1,spatial input reuse,1,innermost,1
2938,synchronous,1,homochronous,1,synchronal,1
2941,conincidentally,1,coincidentally,1,decomposes,1
2944,facilation,1,Statically,1,contemporaneously,1
2947,reveals that,1,Evolutionary Machine Learning,1,neural,1
2950,Inception,1,Inception Network,1,harnessing,1
2953,retreat,1,rehearse,1,Joan of Arc,1
2956,sadomasochism,1,utilization,1,swizzing,1
2959,swizz,1,Iris,1,Platform,1
2962,Platinum,1,delphinium,1,towel,1
2965,tower,1,tide,1,tite,1
2968,tyte,1,tight,1,breeze,1
2971,romantika,1,romantic,1,mulling,1
2974,roselite,1,velvet,1,wind,1
2977,cotton,1,cotton candy,1,noir,1
2980,appetizer,1,shrimp,1,twilight,1
2983,wavy,1,potpourri,1,lassi,1
2986,strapped,1,democracies,1,clenched,1
2989,clenched fist,1,wallowing in,1,imperviouos,1
2992,impervious,1,empire,1,constitution,1
2995,election,1,parliament,1,congress,1
2998,legislatino,1,executive,1,judiciary,1
3001,citizen,1,citizenship,1,civilization,1
3004,civil,1,civil rights,1,human rights,1
3007,sovereignty,1,federalism,1,decentralization,1
3010,bicameralism,1,cameralism,1,camera,1
3013,bicamera,1,monarchy,1,oligarchy,1
3016,authoritarianism,1,totalitarianism,1,fascism,1
3019,communism,1,socialism,1,capitalism,1
3022,colonialism,1,diplomacy,1,NGO,1
3025,transparency,1,accountability,1,Separation of Powers,1
3028,Checks and Balances,1,Judicial Review,1,suffrage,1
3031,universal suffrage,1,protest,1,reform,1
3034,sanctions,1,immunity,1,diplomatic,1
3037,diplomatic immunity,1,peacekeeping,1,multilateralism,1
3040,campaign,1,platform,1,incumbent,1
3043,partisan,1,nonpartisan,1,activism,1
3046,advocacy,1,lobby,1,grassroots,1
3049,town hall,1,disobedience,1,obedience,1
3052,petitino,1,petition,1,protest march,1
3055,j january,1,january,1,february,1
3058,june,1,july,1,august,1
3061,september,1,october,1,novermber,1
3064,november,1,december,1,monday,1
3067,tuesday,1,wednesday,1,thursday,1
3070,friday,1,saturday,1,sunday,1
3073,March,1,rally,1,boycott,1
3076,impeach,1,impeachment,1,recall election,1
3079,gerry,1,gerrymandering,1,mandering,1
3082,ballot,1,exit poll,1,blame,1
3085,asmr,1,anneal,1,exhaustive,1
3088,retrieval augmented generatioin,1,retrieval augmented generation,1,casino,1
3091,cutscene,1,aepe,1,gorilla,1
3094,orangutan,1,orangoutang,1,chimpanzee,1
3097,panzee,1,chimps,1,smart,1
3100,Wu Kong,1,lehigh,1,lehigh university,1
3103,Magnetospheric,1,cyberspace,1,federal,1
3106,unveils,1,Divergence,1,linpacck,1
3109,HPCG,1,scatter,1,aotmics,1
3112,atomics,1,squas,1,squash,1
3115,squashing,1,over-squashing,1,over-smoothing,1
3118,fuse,1,tenants,1,fiber,1
3121,explot,1,octree,1,hyperspectral,1
3124,spectral,1,quadtree,1,paradigms,1
3127,consult,1,consultative,1,committee,1
3130,constent,1,concent,1,contest,1
3133,conscientious,1,Gestapo,1,catalog,1
3136,variant,1,Heterogeneous Integration,1,Monolithic,1
3139,sapphire rapid,1,sapphire rapids,1,platonic,1
3142,dictum,1,whitehead,1,Representational Convergence,1
3145,representation,1,representational,1,model stitching,1
3148,stitching,1,mackler,1,dio,1
3151,divine,1,investment,1,glory,1
3154,hypervisor,1,affected,1,rstack,1
3157,spectre,1,specter,1,vulnerabilities,1
3160,Vulnerable,1,Speculative,1,sanitization,1
3163,TSX,1,staellite,1,satellite,1
3166,security vulnerability,1,unconventional,1,conventional,1
3169,indentation,1,trailing,1,trail,1
3172,For convenience^,1,trilingual,1,peculiarites,1
3175,peculiarities,1,stealth,1,Bangladesh,1
3178,Cambodia,1,disconect,1,discontent,1
3181,skyrocketing,1,grip on,1,slipping,1
3184,speculatin,1,very eyes,1,before our very eyes,1
3187,illustion,1,illusiion,1,culprit,1
3190,pandemic,1,slump,1,restrictions,1
3193,turbulent,1,looking inward,1,democratic,1
3196,mocratic,1,undemocratic,1,remilitarizing,1
3199,gutted,1,gut,1,biographies,1
3202,purges,1,manipulate,1,manipulation,1
3205,vowel,1,tongue,1,consonant,1
3208,IPA,1,Phonetic Alphabet,1,phoneme,1
3211,semivowel,1,voiceless consonant,1,voiced consonant,1
3214,nasal,1,fricative,1,plosive,1
3217,phonetics,1,phonology,1,morphology,1
3220,syntax,1,sociolinguistics,1,psycholinguistics,1
3223,aardvark,1,aardwolf,1,aard,1
3226,maar,1,radii,1,radius,1
3229,minima,1,maxima,1,cadii,1
3232,cadis,1,continuum,1,residuum,1
3235,your quest is over,1,veil,1,unveiling,1
3238,autoregressive,1,kaggle,1,grandmas,1
3241,orchestration,1,orchestra,1,balcony,1
3244,dilatory,1,equivocation,1,fatuous,1
3247,hoi polloi,1,polloi,1,ineffable,1
3250,ineffably,1,jux,1,lugubrious,1
3253,mellifluous,1,obfuscate,1,pernicious,1
3256,alacrity,1,anomaly,1,apostasy,1
3259,burgeon,1,cacophony,1,denouemnet,1
3262,denouement,1,dichotomy,1,ephemeral,1
3265,epiphany,1,fiasco,1,hegemony,1
3268,iconoclast,1,inefficacy,1,lugubriousness,1
3271,mellifluousness,1,nebulousness,1,nebulous,1
3274,obfuscation,1,星云,1,nebula,1
3277,perniciousness,1,stamp,1,swamp,1
3280,radio,1,ratiocination,1,cinatioin,1
3283,cination,1,sycophant,1,tangibility,1
3286,vicissitude,1,welter,1,xenophobia,1
3289,yoke,1,zealotry,1,takeaway,1
3292,meat counter,1,dairy products,1,dairy,1
3295,fresh produce,1,organic,1,discount,1
3298,doupon,1,coupon,1,reservation,1
3301,Tabel for two,1,Table for two,1,special dietary needs,1
3304,dietary,1,allergies,1,refill,1
3307,landmark,1,suite,1,air conditioning,1
3310,fare,1,pick-up point,1,drop-off location,1
3313,advocay,1,beckoned,1,union,1
3316,avenger,1,tactical,1,tactic,1
3319,strategic,1,strategically,1,seminar,1
3322,it could be,1,honey select,1,HS2,1
3325,callaghy,1,Zaire,1,zaire,1
3328,state-society,1,tagonist,1,pookat,1
3331,dasima,1,immigrant,1,valhalla,1
3334,Raspad,1,Raspad SSSR,1,godness,1
3337,goodness,1,windy hill,1,内容,1
3340,词条,1,dialection,1,delibertate,1
3343,Transposable,1,genetic,1,genetic element,1
3346,Renaissance,1,Snapdragon,1,Elite,1
3349,snap,1,Emulation,1,ankle,1
3352,膝关节,1,articulatio,1,articulatio coxae synovitis,1
3355,coxae,1,synovitis,1,gluteus,1
3358,medius,1,abduction,1,malformation,1
3361,pelvic obliquity,1,pelvic,1,obliquity,1
3364,Reinforcement Learning,1,Neue Klasse model,1,寒武纪,1
3367,cambrian,1,cambrian period,1,decompostion,1
3370,adhesive,1,pharmaceutical,1,epoxy,1
3373,Paraphrase,1,adversarially,1,crowdworkers,1
3376,crowdworker,1,Plausible,1,Endangered,1
3379,Migratory,1,logistic,1,Corpus of Linguistic Acceptability,1
3382,Stanford Sentiment Treebank,1,treebank,1,Microsoft Research Paraphrase Corpus,1
3385,Semantic Textual Similarity Benchmark,1,senmatic,1,semantic,1
3388,semantical,1,textual,1,Lexical Semantics,1
3391,Multi-Genre Natural Language Inference,1,multi-genre,1,contradicts,1
3394,entailment,1,Recognizing Textual Entailment,1,Winograd Schema Challenge,1
3397,lexical entailment,1,pronoun,1,diagnostic dataset,1
3400,diagnostic,1,blackpen,1,redpen,1
3403,Dissertator,1,dissert,1,paper,1
3406,Coppersmith–Winograd,1,coppersmith,1,hint,1
3409,indicate,1,indicated,1,instability,1
3412,maize,1,progency,1,progeny,1
3415,conducted,1,uranium,1,uranus,1
3418,neptunium,1,neptune,1,plutonium,1
3421,pluto,1,interlude,1,unwilling,1
3424,merger talks,1,amid,1,competition,1
3427,automakes,1,automakers,1,eventual,1
3430,three-way,1,tie-up,1,Mitsubishi,1
3433,negotiations,1,three-way tie-up,1,intercourse,1
3436,交际,1,social construct,1,heterosexual,1
3439,orientations,1,thrust,1,depiction,1
3442,shepherd,1,purse,1,pursed her lips,1
3445,mandarin,1,cantonese,1,AUTOMOTIVE INDUSTRY,1
3448,expressway,1,forklift,1,transportation,1
3451,logistics,1,nether,1,netherland,1
3454,conglomerate,1,headquartered,1,revenue,1
3457,defect,1,karaok,1,karaoke,1
3460,glove box,1,mind blowing,1,surpass,1
3463,rigotous,1,rigorous,1,underrated,1
3466,competing,1,patrol,1,avionics,1
3469,interplay,1,reminiscent,1,generous,1
3472,tariffs,1,invasion,1,trojan,1
3475,trojan horse,1,allege,1,substantiate,1
3478,substant,1,sbustance,1,substance,1
3481,scaremongering,1,mongering,1,moger,1
3484,monger,1,binge,1,moratorium,1
3487,regulatory,1,regulatory tax,1,joint ventures,1
3490,intensified,1,involve,1,dealerships,1
3493,nomenclature,1,SSSS,1,momentum,1
3496,heat up,1,commentary,1,legit,1
3499,indicator,1,fabirc,1,objective function,1
3502,feasible region,1,optimum,1,global optium,1
3505,global optimum,1,local optimum,1,saddle point,1
3508,gradient descent,1,stochastic,1,stochastic gradient descent,1
3511,conjugate gradient method,1,quasi-Newton method,1,evolutionary algorithm,1
3514,simulated anneling,1,simulated annealing,1,genetic algorithms,1
3517,swarm,1,particle swarm optimization,1,proposals,1
3520,Westlake University,1,illinois,1,Carnegie Mellon University,1
3523,carnegie,1,mellon,1,carnegie mellon,1
3526,grande,1,winogrande,1,commonsense,1
3529,winograd schema challenge,1,CORDIC,1,necessitate,1
3532,resort to,1,innovative,1,contrastive,1
3535,smoke test,1,centric,1,computing paradigm,1
3538,paves the way,1,offset,1,interleaving method,1
3541,swizzling methods,1,impilicit,1,recessive,1
3544,paramount,1,predominant,1,preponderant,1
3547,ponderant,1,inderior,1,inferior,1
3550,a abscissa,1,scissors,1,scion,1
3553,scint,1,scintillation,1,decomposed into,1
3556,tailored to,1,critical,1,cruise,1
3559,residence,1,enlarge,1,exponentially,1
3562,general practice,1,premutation,1,bit-serial aggregation,1
3565,fast aggregation,1,consolidatoin,1,frontier,1
3568,autonomy,1,excerpts,1,explicitl,1
3571,compelling,1,data leakage,1,stark,1
3574,hurdle,1,laoding,1,compromising,1
3577,accomodating,1,accommodating,1,contingent,1
3580,overlapped,1,contingent upon,1,ultimately,1
3583,revert to,1,capitalize,1,sbustantial,1
3586,incentive,1,capable of,1,supporting a spectrum of,1
3589,a spectrum of,1,suboptimal,1,attributable,1
3592,be attributable to,1,inadequate,1,uncharted,1
3595,permutations,1,permute,1,decomposed,1
3598,be decomposed into,1,debris,1,fragments,1
3601,bomb,1,indices,1,index,1
3604,materialization,1,symmetriaztion,1,symmetrization,1
3607,enlongated,1,compilation,1,the advent of,1
3610,disruptive,1,holistic,1,reinterpreting,1
3613,dilibrate,1,linear algebra,1,transactions,1
3616,TBL,1,PSHUF,1,dramati,1
3619,dramatic,1,axis,1,spatal,1
3622,precision,1,In the realm of,1,demands,1
3625,Consolidation,1,halve,1,counterpart,1
3628,reflecting,1,capitalizes,1,analogous,1
3631,analogous to,1,coarse granularity,1,fine granularity,1
3634,fine-grained granularity,1,embraces,1,imperceptible,1
3637,unrolling,1,encapsulated,1,encapsulate,1
3640,conservatives,1,interoperability,1,intrinsics,1
3643,trem,1,term,1,strive,1
3646,strive to,1,Register swizzling,1,opt,1
3649,non-contiguous,1,evalution,1,indicating,1
3652,guarantees,1,derived from,1,versatility,1
3655,efficiency,1,distill,1,pronounced,1
3658,conduct,1,conducted experiments,1,Differential,1
3661,as depicted in,1,mean squared error,1,examier,1
3664,OOP,1,encapsulation,1,inheritance,1
3667,polymorphism,1,dynamic binding,1,duck typing,1
3670,getter and setter,1,compostion,1,composition,1
3673,underscore,1,sharp,1,prioritize,1
3676,mitigated,1,orin,1,emarged as,1
3679,a segment of,1,bind,1,isolates,1
3682,singular quantization,1,self-distillation,1,distillatino,1
3685,ambitious,1,spurred,1,excels in,1
3688,excels,1,broadening,1,concentrated,1
3691,tailored for,1,convolution,1,constructor and destructor,1
3694,incident,1,surface,1,lance,1
3697,buildplates,1,ingot,1,dimensity,1
3700,audit,1,auditing,1,incremental,1
3703,infra,1,AI Infra,1,canary,1
3706,canary string,1,quine,1,affilication,1
3709,afflication,1,femur,1,granted,1
3712,confidential,1,shirnk,1,KVM,1
3715,supercharged,1,neuroscience,1,tenant,1
3718,multi-tenant,1,IT departments,1,pyramidal,1
3721,mitigating,1,expenses,1,enterprise,1
3724,corrptions,1,corrputions,1,tax eva,1
3727,Asynchrony,1,stimulus,1,ambulance,1
3730,ambulance station,1,presumed,1,theoretical,1
3733,inferential,1,conservation,1,axiom,1
3736,bisect,1,calculus,1,coordinates,1
3739,catenary,1,principal value,1,centre,1
3742,centrifugal force,1,centripedal force,1,centroid,1
3745,chord,1,circumcentre,1,volume,1
3748,coaxial,1,coefficient,1,cofactor matrix,1
3751,logarithm,1,complementray,1,concave,1
3754,concyclic,1,confidence coefficient,1,confidence interval,1
3757,congruence,1,congruence class,1,conic,1
3760,consequent,1,conserved,1,convergent,1
3763,convergent series,1,converse,1,convexity,1
3766,coplanar,1,co-prime,1,correct to,1
3769,correlation,1,correspondence,1,cosine,1
3772,criterion,1,decagon,1,decimal,1
3775,declarative,1,derivable,1,depreciation,1
3778,determinant,1,diagonal,1,diameter,1
3781,discontinuous,1,discriminant,1,disjoint,1
3784,displacement,1,disprove,1,dodecagon,1
3787,duality,1,eccentricity,1,eigenvector,1
3790,elastic,1,elementary function,1,ellipse,1
3793,ellipsiod,1,cube,1,sphere,1
3796,ellipsoid,1,triangular prism,1,square pyramid,1
3799,pyramid,1,elongation,1,enclosure,1
3802,epicycloid,1,equiangular,1,equidistant,1
3805,equilibrium,1,equiprobable,1,error allowance,1
3808,error tolerance,1,escribed,1,escribed circle,1
3811,square,1,rectangle,1,triangle,1
3814,isosceles,1,right triangle,1,trapezoid,1
3817,heptagon,1,octagon,1,sector,1
3820,segment,1,excess,1,explicit function,1
3823,extremum,1,factorial,1,fallacy,1
3826,falsehood,1,concentric,1,concentric circle,1
3829,fulcrum,1,fundamental theorem of algebra,1,fundamental theorem of calculus,1
3832,geometric mean,1,geometric sequence,1,half angle formula,1
3835,harmonic mean,1,harmonic progression,1,helix,1
3838,hemisphere,1,homogeneous,1,asymptote,1
3841,hypocycloid,1,hypotenuse,1,identity law,1
3844,impulse,1,impulsive,1,inventre,1
3847,incircle,1,inconsistent,1,inelastic,1
3850,inertia,1,inference,1,infinitesimal,1
3853,infinity,1,inherent,1,injection,1
3856,injective,1,integrable,1,intercept,1
3859,invariance,1,invertible,1,irrational number,1
3862,rational number,1,isomorphism,1,propulsion,1
3865,jet propulsion,1,variation,1,kinetic,1
3868,Lagrange,1,Laplace,1,latent,1
3871,latent root,1,latus rectum,1,latus,1
3874,rectum,1,lemma,1,locus,1
3877,dispersion,1,mensuration,1,modulus,1
3880,modulo,1,monomial,1,polynomial,1
3883,monotone,1,monotonic decreasing,1,monotonic increasing,1
3886,pulley,1,multinomial,1,multiplicity,1
3889,multiplier,1,mulually,1,mutually independent,1
3892,neighborhood,1,collinear,1,commutative,1
3895,non-trival,1,oblique,1,octant,1
3898,quadrant,1,orthogonality,1,overlap,1
3901,mutually exclusive events,1,mutual,1,paraboloid,1
3904,paradox,1,parallelepiped,1,parametric equation,1
3907,periodic,1,inflexion,1,polar axis,1
3910,polar coordinate,1,postulate,1,preimage,1
3913,prime number,1,primitive,1,prismoid,1
3916,progression,1,projectile,1,proportional,1
3919,propositional calculus,1,propositional inference,1,protractor,1
3922,quadrature,1,Linear Equation,1,Quadratic Equation,1
3925,Cubic Equation,1,Quartic Equation,1,Quintic Equation,1
3928,radian,1,radical,1,reciprocal,1
3931,recoil,1,rectifiable,1,reducibility,1
3934,reducible,1,reductio ad absurdum,1,convergency,1
3937,resultant,1,retard,1,retardation,1
3940,quartile,1,signum,1,harmonic motion,1
3943,pendu,1,spiral,1,spheroid,1
3946,subsidiary,1,subtangent,1,subtraction,1
3949,successive,1,sufficiency,1,sufficient and necessary condition,1
3952,suffix,1,prefix,1,surjection,1
3955,surjective,1,syllogism,1,tabulation,1
3958,tautology,1,tesselation,1,ciiterion,1
3961,citerion,1,theorem,1,torque,1
3964,torus,1,trajectory,1,transcendental,1
3967,transitive,1,transversal,1,validity,1
3970,vibration,1,Factorization,1,Inequalities,1
3973,Surds,1,Decimal,1,Numerator,1
3976,Denominator,1,Fraction,1,augend,1
3979,summand,1,addend,1,subtrahend,1
3982,faciend,1,multiplicator,1,dividend,1
3985,divisor,1,hexadecimal,1,extraction,1
3988,radial,1,point^ line^ plane and,1,acute angle,1
3991,right angle,1,straight angle,1,reflex angle,1
3994,round angle,1,perigon,1,Pythagorean theorem,1
3997,scalene,1,scalene triangle,1,quadrilateral,1
4000,trigonometry,1,periodicity,1,monotonicity,1
4003,parity,1,hyperbola,1,parabola,1
4006,rhomb,1,incenter,1,excenter,1
4009,escentre,1,escenter,1,orthocenter,1
4012,barycentre,1,barycenter,1,inscribed circle,1
4015,inscribed,1,weighted average,1,propotion,1
4018,percentile,1,permutation and combination,1,normal distribution,1
4021,abnormal distribution,1,bar graph,1,broken line graph,1
4024,curve diagram,1,pie diagram,1,revolutionizing,1
4027,practical applications,1,come to the rescue,1,streamlining,1
4030,albeit,1,albeit with,1,commitment,1
4033,diagnosis,1,constructor,1,leveraged,1
4036,probable,1,self-explanatory,1,bullet,1
4039,warranty,1,harmonic oscillator,1,interpreat,1
4042,interprt,1,interpret,1,reinterpret,1
4045,arbitrator,1,Modular,1,Redundancy,1
4048,Interleaved,1,Compliant,1,theoretic,1
4051,Simultaneous,1,2024,1,interdisciplinary,1
4054,nonviolate,1,nonvolate,1,nonvolatile,1
4057,volatile,1,harvesting,1,energy-harvesting,1
4060,auxiliary,1,Fabricated,1,miniaturize,1
4063,badging,1,aims and objectives,1,ethtic,1
4066,ethtics,1,controversies,1,debates,1
4069,timeline,1,timetable,1,chedule,1
4072,schedule,1,Bitrate,1,Omnidirectionally,1
4075,Calibrated,1,omni,1,calibrate,1
4078,calibrated,1,Infinigence,1,nontrival,1
4081,nontrivial,1,Cooperative,1,cooperative,1
4084,on behalf of,1,alloys,1,alloy,1
4087,tin,1,bronze,1,injected,1
4090,retrivial,1,cues,1,mistral,1
4093,partial differential equation,1,ode,1,systematic,1
4096,photonic,1,preclinical,1,bench,1
4099,bedside to bench,1,insisted on,1,portfolio,1
4102,graffiti,1,arbitrary,1,parquet,1
4105,fine-grained,1,coarse-grained,1,evolve,1
4108,promotion,1,SVD,1,decompositon,1
4111,palindrome,1,inflate,1,deflate,1
4114,eventually,1,TCM promotion,1,permissive,1
4117,emphasis,1,accompanying,1,Internally,1
4120,diagrammatic,1,Empirical,1,sparseness,1
4123,expertise,1,Infra,1,preceptron,1
4126,actue,1,acute,1,prioritized,1
4129,hitter,1,oracle,1,regularities,1
4132,precludes,1,Remarkably,1,derivation,1
4135,conducting,1,encounted,1,replicate,1
4138,replication,1,perceived,1,atomic,1
4141,quantum,1,retensive,1,rententive,1
4144,modulate,1,priors,1,lacks explicit spatial priors,1
4147,bears a complexity,1,constraining,1,draw inspiration from,1
4150,spatial domain,1,adeptly,1,burden,1
4153,disrupting,1,spatial decay matrix,1,elimate,1
4156,utilizing,1,restricte,1,weight matrices,1
4159,reserve,1,accomplish,1,identicla,1
4162,be composed of,1,integerized,1,superior to,1
4165,dynamic programming,1,transmission,1,dubbed,1
4168,alleviates,1,evaluating,1,dericed,1
4171,predecessor,1,hypothesize,1,adhere,1
4174,retain,1,associated,1,overlooking,1
4177,adaptive,1,iterative,1,a suite of,1
4180,plane,1,variable-length,1,preserved,1
4183,in contrast with,1,Asymmetric,1,acknowledgment,1
4186,compendium,1,patchwork,1,sampler,1
4189,endeavors,1,shallow,1,medley,1
4192,surface-level,1,superficial,1,fragmentary,1
4195,disordered,1,chaotic,1,unsystematic,1
4198,License Plate,1,academy of science,1,bitdistiller,1
4201,finding,1,infrared,1,dual,1
4204,alim,1,slim,1,salience,1
4207,sparse,1,surpasses,1,thermal,1
4210,unawareness,1,invoke,1,hangs,1
4213,feat,1,tangy,1,decorator,1
4216,immutable,1,assasin,1,assassin,1
4219,assassinate,1,strip,1,parse,1
4222,casting,1,type casting,1,whence,1
4225,inspect,1,ommitted,1,escape sequence,1
4228,duplicate,1,duplication,1,deprecation,1
4231,garbled,1,mojibake,1,