1,formidable,4,unwavering,2,incisive,3
4,intellect,3,intellection,2,Achieve every goal you,2
7,Attention Is All You,1,attention,1,synergies,1
10,Neural Radiation Field Rendering,1,Neural Radiance Fields,1,spatial modeling,1
13,scene reconstruction,1,obstacles,1,multilayer perceptron,1
16,perceptron,2,grid occupancy,1,early termination computation unit,1
19,occupancy,2,render synthetic data,1,circumstances,1
22,contemporary,3,paradigm,4,alleviation,1
25,aforementioned,3,dissertation,4,dissertation,4
28,demonstrates,1,the old idea of,1,prototyping platform,1
31,emerging,4,prohibitively,1,prohibitively expensive,1
34,concurrent,3,regime,2,residing,1
37,reside on,1,substantially,3,restricts,2
40,Confident Adaptive Language Modeling,1,drastic,1,drastic increase,1
43,drastic increase in the,1,composed of,1,In practice^ however^ the,1
46,full capacity,1,continuations,1,trivial,2
49,efficacy,2,demonstrate,6,empirical experiments,1
52,diverse,6,comprises,4,computing resource utilization,1
55,spatial,4,pragmatic,1,monolithic,4
58,heterogeneous,4,roadmap,3,decouple,1
61,persistently,1,primitives,1,transceivers,1
64,NIC,1,attainable,1,expressiveness,1
67,fabric,3,computation capacity,1,aggregate,3
70,confines,1,intersection,3,confines the devices to,1
73,articulated,1,viz.,1,viz,1
76,infringements,1,epoch,1,one epoch,1
79,scoreboard,1,tackle,2,cryptocurrency,2
82,texure sampling,2,texture,1,texure sampling,2
85,excelling,1,facilitates,2,seamlessly,1
88,acronyms,1,Pareto,3,Pareto,3
91,optimal,1,hello world,1,scalar,1
94,unencumbered,1,infrastructure,3,identify,1
97,deficiency,1,inability,1,exploit,7
100,spilling,2,round-robin,1,heterogeneous,4
103,Arxiv,1,compressing,1,organ,1
106,pedal,2,uncountable,1,innumerable,1
109,Harry Potter,1,Rowling,1,synergy,1
112,appliance,3,resiliency,1,pareto optimal,1
115,Pareto,3,quantitative biology,1,University of Minnesota,1
118,competitive,2,Berlins Drittes Geschlecht,1,LGBT,1
121,LGBTQ,1,proprietary,1,from the ground up,1
124,production-grade,1,omg,1,primarily,2
127,production grade GPUs,1,dispatcher,1,metadata,1
130,interface with,1,GPU,1,Jensen Huang,1
133,Elon Musk,1,Elon Reeve Musk,1,Intel,2
136,AMD,2,NVIDIA,2,Lisa Su,1
139,simplicity,1,addressability,3,outgoing requests,1
142,throttle,2,relay responses,1,relay,4
145,WIP,2,retrieved,2,free up,1
148,dedicated,6,牛排,1,Minecraft,1
151,俄罗斯方块,1,tetris,1,subsequent,2
154,warp scheduling,1,warp,1,multiple batches of threads,1
157,synchronously,1,asynchronous,1,has to be built,1
160,built around,1,dedicated,6,converge,4
163,for the sake of,3,for the sake of,3,naive assumption,1
166,naive,2,assumption,1,consumption,1
169,individual threads,1,branch divergence,1,divergence,9
172,mnemonic,2,semantics,4,ubuntu,2
175,PLA,1,cpc,1,CCP,1
178,CCCP,2,USSR,1,fluoroquinolone,1
181,loratadine,1,Covid,1,COVID-19,1
184,titin,1,protein,1,protein titin,1
187,pronounce,1,etymology,3,methionyl,1
190,A fictional dish of,1,pneumonoultramicroscopicsilicovolcanoconiosis,1,supercalifragilisticexpialidocious,1
193,Pseudopseudohypoparathyroidism,1,antidisestablishmentarianism,1,honorificabilitudinitatibus,1
196,schmaltz,1,leprechauns,1,Sometimes^ you get to,1
199,Love can touch us,1,dion,1,Paramount Pictures^ Inc.,1
202,iron man,1,Captain America,1,Apache,1
205,irak,1,伊拉克,1,柯林斯,1
208,Collins,1,goblins,1,saintess,1
211,stake,1,Bruce Lee,1,kungfu,1
214,nemo,1,demo,1,demonstrate,6
217,demonstration,1,hello,4,ruby,1
220,绿宝石,1,emerald,2,jewels,2
223,CET-4,1,CET-6,1,GMAT,1
226,GRE,1,IELTS,1,TOEFL,1
229,frisk,1,dragon,1,多拉贡,1
232,cookies,1,chocolate,2,enclosed,1
235,I have enclosed the,2,Stardew Valley,2,southern coast,1
238,carpenter,4,mayer,1,tidying things up for,2
241,undertrained,1,chocolate,2,装备,1
244,胡子,1,acc.,1,mustache,1
247,Donald Trump,1,Joe Biden,1,拜登,1
250,instant kill,1,instant,1,Ferring,1
253,方便面,1,Geng,1,中山大学,1
256,sun yat-sen,3,Stardew Valley,2,ape,2
259,Flyco,1,AMR,1,arm,1
262,AMD,2,Intel,2,NVIDIA,2
265,apple,1,sealed,1,the burden of,1
268,the burden of modern,1,fade,1,let grandpa rest,1
271,thrive,1,in dire need of,1,I have enclosed the,2
274,deed,1,my pride and joy,1,stardew,1
277,dew,1,valley,2,local carpenter,1
280,carpenter,4,carpenter,4,tidying things up for,2
283,tidying,1,overgrown,2,underneath,1
286,with a little dedication,1,dedication,1,dedicated,6
289,Pelican Town,2,pelican,3,cottage,3
292,rustic,1,that is one way,1,crusty,1
295,APT,2,crusty might be a,1,a little apt,1
298,APT,2,rube,1,appreciate,1
301,come by,1,parsnip,4,hoe,1
304,till,2,use your hoe to,1,seed packet,1
307,sow a crop,1,harvest,1,cultivate,1
310,cultivate and harvest a,1,cultivate and harvest a,1,parsnip,4
313,greeted,1,anxious,1,choop,1
316,chop,1,chop woods,1,dig and till soil,2
319,can,1,watering can,1,crops,2
322,scythe,4,scythe,4,grass,3
325,grass,3,glass,2,hay,1
328,silo,1,mature,1,Marnie,1
331,Mayor Lewis,1,livestock,1,animal care products,1
334,ranch,1,swing,1,you should swing by,1
337,swing by,2,cottage,3,complain,1
340,rickety,1,deep down,1,sewer,1
343,penny,2,beloved,1,I will see you,1
346,Leah,1,lovely,1,Harvey,2
349,check-up,1,regular check-ups,1,resident,1
352,Pelican Town,2,pelican,3,gyrfalcon,3
355,gyrfalcon,3,格兰芬多,1,拉文克劳,1
358,赫奇帕奇,1,斯莱特林,1,Gryffindor Ravenclaw Hufflepuff Slytherin,1
361,伏地魔,1,Voldemort,1,邓布利多,1
364,Albus Dumbledore,2,斯内普,1,西弗勒斯,1
367,Severus Snape,1,sever,1,赫敏格兰杰,1
370,罗恩韦斯莱,1,Hermione Granger,1,Ron Weasley,1
373,小天狼星布莱克,1,Sirius Black,1,阿不思邓布利多,1
376,Albus Dumbledore,2,Rita Skeeter,1,Hogwarts,3
379,霍格沃茨,1,霍格沃茨魔法学校,1,Hogwarts School of Witchcraft,2
382,Hogwarts,3,rewarding work,1,involved,1
385,too involved with,1,only a master of,1,granny,1
388,abigail,1,overgrown,2,pale,2
391,sa,1,sap,1,nap,1
394,forage,2,sturdy,1,material,1
397,decorative,1,decorative bowl,1,archaeological,1
400,curator,1,make off,1,artifacts,2
403,remedy,1,minerals,1,handful,1
406,tutoring,1,Joja customer satisfaction representative,1,transition,1
409,joyous,1,saloon,1,stump,2
412,geode,2,blacksmith,1,backpack,1
415,Pierre got you covered,1,affordable,1,clay,1
418,herring,2,ahoy,1,ahoy there,1
421,unwind,1,I'm still tryin' to,1,sea,1
424,haul,1,banboo,2,bamboo,2
427,banboo,2,bamboo,2,pole,2
430,钓鱼竿,1,supplied,1,supplies,1
433,pappy,1,sardine,2,beside,1
436,eyesore,1,community,1,apt,2
439,pelican,3,bustling,1,shameful,1
442,Flok,1,folk,1,hounding,1
445,warehouse,1,get attached to,1,relics,1
448,dilapidated,1,bean,1,bean starter,1
451,starter,1,trellis,1,cauliflower,3
454,kale,3,jazz,1,recipe,2
457,sampling,1,cherry,1,bears,2
460,bears fruit,1,apricot,1,sparked,1
463,cabin,1,sore,2,coop,1
466,barn,1,scarecrow,1,crow,1
469,snacking,1,nightly rounds,1,parsnip,4
472,topaz,1,shelf,1,tent,1
475,Linus,1,crops,2,peering down,1
478,ore,1,undisturbed,1,rusty,1
481,foraging,4,proficiency,1,recipe,2
484,wild,2,snake,1,snack,2
487,field snack,1,foraging,4,Hogwarts,3
490,Hogwarts School of Witchcraft,2,Roberta,1,Jax,1
493,modalities,2,多模态,1,biased,1
496,widgets,1,welsh,1,kabele,1
499,Kabyle,1,snippet,1,sentiment,6
502,sentiment analysis,1,tokenized,1,harmlessness,1
505,harmless,1,innocuousness,1,pollution,1
508,hello,4,hello world!,1,a large corpus of,1
511,corpus,7,diss,1,dissertation,4
514,latter,1,depict,2,Cambrian,1
517,iconic,1,lookers,1,drones,1
520,ventures,1,gorgeous,1,stealth fighter,2
523,looks into it,1,intefere,1,sovereign,3
526,sovereign country,1,you wish,1,vies,1
529,come up with,2,better sleep after coming,1,Please pass the good,1
532,Please pass the good,1,smoking something,1,puppet,1
535,state subject,1,A frog at the,1,pathetic military,1
538,aeronautical,1,condescend,1,Pagani,1
541,zonda,1,Pagani Zonda,1,cinque,1
544,complimentary,3,comparisons,1,condescends,1
547,tone,1,aviation,1,aviation industry,1
550,revolutionary,1,annihilation,1,kill,1
553,Annihilation 20,1,Annihilation 35,1,coincidence,1
556,moniker,1,Serbia,2,Dassault,1
559,Dassault Aviation,1,sherlock,1,gyrfalcon,3
562,atlantic ocean,1,Atlantic,1,plunge into,2
565,plug into,1,plunge into,2,submarine,1
568,induce,1,confuse,1,invade,1
571,ally,1,it confuses me how,1,civil war,1
574,penny,2,go figure out,1,pfff,1
577,PFF,1,humiliate,1,geopolitics,1
580,lecture,1,conspiracy,1,conspiracy theories,3
583,conspiracy theories,3,conspiracy theories,3,aka,1
586,coherent,3,troop,1,condescending,1
589,unisex,1,masculine,1,feminine,1
592,fluctuate,1,deprecated,2,dedicated,6
595,a passage of,1,passage,1,paragraph,1
598,span,2,classifier,1,CLS,1
601,Sep,1,separator,1,differentiate,1
604,legacy,2,restructure,1,refactor,1
607,commented,1,apparently,1,identical,5
610,identical,5,identically,2,hello,4
613,chisel,2,chisel,2,chiseled,1
616,earthling,1,greetings,1,bristle,1
619,resolving,2,APB,1,AHB,1
622,AXI,1,snacks,1,毛泽东,1
625,Mao Zedong,1,sun yat-sen,3,horseradish,1
628,foraging,4,quarterback,1,scythe,4
631,kale,3,carp,2,calzone,1
634,carp,2,corp,1,chub,1
637,green algae,1,algae,1,slimy,1
640,caramel,1,Porters,1,caramel porters,1
643,bass,1,smallmouth,1,bait,3
646,annual,1,cranky,1,sore,2
649,bream,1,stock,1,deluxe,1
652,bait,3,HENS,1,bowls,1
655,corn,1,diet,1,seaweed,1
658,fiberglass,1,cottage,3,expansion,2
661,carpenter,4,gadgets,1,dandelion,1
664,leek,1,leak,1,salmon,1
667,salmonberry,1,foraging,4,forage,2
670,fertilizers,1,swing by,2,sardine,2
673,herring,2,oyster,1,toxins,1
676,mussel,1,cauliflower,3,folks,1
679,come and get it,1,coupons,1,I cant match those,1
682,I would be selling,1,superior,3,vinegar,1
685,fertilizer,1,tilled soil,1,retaining,1
688,stimulate,2,guaranteed,1,ripe,1
691,daffodil,1,Harvey,2,jelly,1
694,river jelly,1,population,1,pollutant,1
697,kale,3,crab,2,POTS,1
700,cauliflower,3,unmilled,1,milled,1
703,mill,1,till,2,till soil,1
706,dig and till soil,2,jewels,2,yield,2
709,roe,1,yield roe,1,fire quartz,1
712,stray,1,pooch,1,mayonnaise,1
715,sprinkler,1,tulip,2,geode,2
718,whack,1,jamborite,1,mineral,1
721,Gunther,1,museum,1,petal,2
724,drip,1,make my nose drip,1,chore,1
727,house chores,1,chores,1,yellow curry,1
730,curry,1,waxy,1,stir fries,2
733,stir,1,fries,1,stir fries,2
736,jade,1,smelt,1,metal,1
739,bars,1,smelt metal bars,1,clinic,1
742,billed,1,billed you,1,you might even want,1
745,strawberry,1,come up with,2,promote,1
748,townsfolk,1,cultivating,1,compassion,1
751,fellow,1,for there fellow man,1,plastic,1
754,guild,1,scattered,2,surplus,1
757,well,1,scythe,4,throne,1
760,decomposition,8,substantial,7,exploit,7
763,candidates,2,weaker correlations,1,candidate selection,1
766,eliminate,6,emulate,2,eliminate,6
769,discard,4,conserve,1,conversely,1
772,degradation,3,discord,1,discard,4
775,discard,4,fregean compositionality,1,Fregean,1
778,conservative,1,Tsien,3,QIAN,1
781,hsue-shen,1,Hsue-shen Tsien,3,Massachusetts,2
784,Theodore von Karman,1,van der Waals,1,Daniel and Florence Guggenheim,1
787,represented by,1,surpassing,1,owing to,1
790,substantial,7,decomposition,8,neglects,1
793,angular,1,paradigm,4,subsequently,2
796,individual,3,granularity,5,singular values,1
799,derive,1,curves,1,steeper,1
802,comprises,4,neglect,1,nigger,1
805,offensive,1,comprises,4,combine,1
808,包括,1,包含,1,comprise,1
811,consequently,3,aforementioned,3,chien,2
814,chien,2,Tsien,3,derived,5
817,rifle,1,狙击步枪,1,sniper,1
820,sniper rifle,1,HIMARS,1,mobility,1
823,artillery,1,Cheshire,1,subordinate,3
826,RPC,1,PRC,1,pulp,3
829,oppo,1,vivo,1,vivace,1
832,roast,1,roast me,1,swallow,1
835,depression,1,expectation,2,MIT,1
838,Massachusetts,2,indian,1,giggity guggity goo,1
841,Aussie,1,dunk,1,addressability,3
844,substrate,1,molding,1,compound,7
847,bumps,1,interposer,1,HBM,1
850,rancher,2,Odyssey,1,convincing,1
853,gigantic,1,Mongolia,1,feint,1
856,fierce,1,yell,1,conceal,3
859,unconcealable,1,incandescent,1,stylish,1
862,blossom,1,nostalgic,1,outfit,1
865,gacha,1,pastoral,1,patronus,1
868,expect,2,fluffy,2,permanent,1
871,council,2,Security Council,1,sovereign,3
874,sovereign state,1,charter,1,allies,2
877,轴心国,1,axis power,1,axis powers,1
880,allies,2,substantive,2,premier,2
883,greenfield,1,consensus,1,dense,3
886,desirable,1,kurtosis,1,perplexity,4
889,unravell,1,enigmas,1,attribute to,1
892,mitigate,2,pervasive,1,exhibit,4
895,aforementioned,3,irrelevant,2,hypothesis,5
898,canonical,1,causal,8,coarse,2
901,moderate,2,fine,1,exhibit,4
904,clipped,2,clipped,2,intermediary,1
907,unimpeded,2,toss up,1,toss,1
910,unimpeded,2,complicated,2,sliding,1
913,slippery,1,orientated,1,potentially,1
916,stump,2,elimination,2,occasionally,2
919,refund,1,beaten,1,at a glance,1
922,glance,1,frustrating,1,glitches,1
925,occasionally,2,bounce,1,bother,1
928,insult,1,insultingly,1,whilst,2
931,shove,1,inclination,2,rancher,2
934,casual,8,causal,8,casual,8
937,causal,8,loose,1,goose,1
940,affect,1,effect,1,allusion,2
943,illusion,5,altar,1,alter,1
946,amend,1,ament,1,appraise,1
949,ascent,2,ascent,2,ascend,1
952,assent,1,aural,1,oral,1
955,bated,1,bate,1,baited,1
958,bait,3,berth,1,birth,1
961,berate,1,biannual,1,biennial,1
964,金融的,1,financial,1,brake,1
967,break,1,breathe,2,breath,1
970,breathe,2,canvas,1,canvass,1
973,capital,1,Capitol,1,cite,1
976,site,1,sight,1,climatic,1
979,climactic,1,coarse,2,complement,1
982,compliment,1,concede,1,conscious,2
985,conscience,1,council,2,counsel,1
988,康赛尔,1,conscious,2,cue,1
991,current,1,Corrent,1,decent,3
994,desert,3,dessert,1,device,1
997,devise,1,disburse,1,disperse,1
1000,discreet,1,discrete,3,elicit,2
1003,illicit,2,eminent,2,imminent,2
1006,insure,2,ensure,1,explicit,5
1009,elicit,2,illicit,2,eminent,2
1012,imminent,2,insure,2,envy,2
1015,navy,1,envious,1,envy,2
1018,farther,1,father,1,further,1
1021,flaunt,1,flout,1,flounder,1
1024,founder,1,forbear,1,foreword,1
1027,forward,1,gibe,1,jibe,1
1030,heal,1,heel,1,idiosyncrasy,1
1033,idiosyncracy,1,allusion,2,illusion,5
1036,imply,1,infer,2,incite,1
1039,leach,1,leech,1,medal,1
1042,meddle,1,moral,1,mortal,2
1045,naval,2,navel,1,nun,1
1048,peal,1,peel,1,pedal,2
1051,petal,2,pique,1,plain,1
1054,glass,2,grass,3,pole,2
1057,poll,2,pore,1,pour,1
1060,profit,1,prophet,1,raze,1
1063,stationary,2,stationery,1,EOT,2
1066,eodas,1,EOT,2,handover,1
1069,maneuver,1,talent,1,有才,1
1072,sonic,1,hypersonic,1,reflect,1
1075,array,1,interleaving,3,linguistics,4
1078,pragmatics,4,crewmate,1,crew,1
1081,reactor,1,medbay,1,MED,1
1084,bay,1,cafeteria,1,imposter,1
1087,animated,1,spree,1,crab,2
1090,acinonyx,1,jubatus,1,cheetah,2
1093,tawny,1,creamy,1,pale,2
1096,buff,1,fur,1,evenly,4
1099,evenly spaced,1,snout,1,streaks,1
1102,cougar,1,Herpailurus,1,Otocolobus,1
1105,Prionailurus,1,leopard,1,lynx,1
1108,puma,1,cheetah,2,domestic,2
1111,felis,1,etymology,3,taxonomy,5
1114,linguistics,4,pragmatics,4,phylogeny,1
1117,obsidian,1,observe,1,PC,1
1120,生产质量,1,falcon,1,bacon,1
1123,peregrine,1,emu,1,roadrunner,1
1126,springbok,1,spring,1,BOK,1
1129,gazelle,1,哥斯拉,1,Godzilla,1
1132,zilla,1,hare,1,eland,1
1135,giraffe,1,warthog,1,instantaneous,2
1138,s,1,sprinting,1,metre,1
1141,meter,1,commencement,1,sustain,2
1144,endurance,1,outrun,1,sled dog,1
1147,wombats,1,woman,1,girlfriend,1
1150,pillow,2,buddy,1,casual,8
1153,causal,8,pillow,2,pillow friend,1
1156,casual sex,1,SP,1,Friend with benefit,1
1159,adolescent,2,Adole,1,adolescent,2
1162,routine,1,soc,1,windy,1
1165,addressability,3,relay,4,relay on,1
1168,rely on,1,rely,1,relay,4
1171,throttle,2,relay,4,WIP,2
1174,retrieved,2,honey,1,I love you^ honey,1
1177,pumpkin,1,boo,1,bro,1
1180,effortless,1,LSTM,1,crucial,10
1183,mitigate,2,cascaded,1,eliminates,2
1186,eliminate,6,emulate,2,climate,1
1189,eliminate,6,Slackware,1,tailored,4
1192,mimic,1,Xmas,1,xylitol,1
1195,kick off,1,waddle,1,eliminates,2
1198,终结,1,tailored,4,gauged,1
1201,directive,1,treasury,1,involves,1
1204,compact,1,crucial,10,preserve,2
1207,derived,5,be derived by,1,aggregating,1
1210,aggregate,3,concentrating,1,subsequent,2
1213,copy,1,copy that,1,omitted,2
1216,MIGHTY DRAGON,1,prodigious,1,unyielding,1
1219,resolve,2,incisive,3,intellect,3
1222,目录,1,dir,1,directory,1
1225,directories,1,elaborate,1,royalty,1
1228,pulp,3,wrap,2,cozy,8
1231,cozy time,2,hello,4,youdao,1
1234,causal,8,casual,8,formidable,4
1237,formidable drive,1,steadfast determination,1,incisive intellect,1
1240,cozy,8,cozy time,2,Achieve every goal you,2
1243,cozy,8,concentrating on,1,pulp,3
1246,regarded as,1,depicted,2,casual,8
1249,causal,8,cause,1,comprises,4
1252,compose,2,leverage,2,recurrent,3
1255,regardless,1,递归,1,regress,1
1258,regression,1,recursion,1,formidable,4
1261,unwavering,2,incisive,3,intellect,3
1264,intellection,2,inspire,1,inspiration,1
1267,projection,4,transforming,1,Beethoven,2
1270,Beethoven,2,Ludwig,1,Ludwig van Beethoven,1
1273,compose,2,composer,1,Fate Symphony,1
1276,symphony,1,Symphony No. 5 in,1,motif,1
1279,rose,1,lily,1,carnation,1
1282,sunflower,1,tulip,2,daisies,1
1285,violets,1,gypsophila,1,hydrangeas,1
1288,calla,1,cornerstones,1,milestone,1
1291,perceptrons,1,Kolmogorov,1,Arnold,1
1294,fairer,1,comparison,1,sane,1
1297,stay foolish to stay,1,HERMES,1,radioactive,1
1300,myth,1,greek,1,Greek myth,1
1303,ICARUS,1,mythology,1,craftsman,1
1306,MBTI,3,MBTI,3,Myers-Briggs Type Indicator,1
1309,introversion,1,extraversion,1,sensing,1
1312,intuition,3,thinking,1,feeling,1
1315,judging,1,perceiving,1,introverted,1
1318,vert,3,version,1,vert,3
1321,projected,1,comprehend,1,update,1
1324,relevance,1,entail,2,concatenated,1
1327,the concept entails that,1,concept,1,entails,1
1330,possesses,1,distinct,3,fulfill,2
1333,Kolon,2,Arcteryx,2,entails that,1
1336,possess,2,concentrate,1,concentrate on,1
1339,concatenate,2,fulfill,2,complicated,2
1342,northland,9,liquor,2,wine,1
1345,gruel,2,rice gruel,1,steamed bun,1
1348,bun,1,perch,1,northland,9
1351,Peiping,1,limpid,1,serene,1
1354,melancholy,1,wither,1,moist,1
1357,pallid,1,muddling,1,urban,1
1360,dwellers,1,chill,1,relishing,1
1363,appealing,1,temperate,1,shower,1
1366,getting cooler with each,1,golden days,1,Ershisi Bridge,1
1369,northland,9,northland,9,Kolon,2
1372,Arcteryx,2,northland,9,flabbergasted,2
1375,Mizuno,1,decathlon,3,decathlon,3
1378,thence,1,serves as,1,transformation,1
1381,transformer,1,pairwise,1,consequence,2
1384,escalates,1,emerge,1,emerge as,1
1387,emerge as the primary,1,reconcile,1,northland,9
1390,yield,2,might,1,aerospace,1
1393,sailing,1,competitively,2,northland,9
1396,flabbergasted,2,vert,3,liquor,2
1399,gruel,2,sun yat-sen,3,Wade Giles,1
1402,Tsien,3,allegory,2,literature,1
1405,dialogue,4,allegory,2,competitively,2
1408,comparatively,1,causal,8,casual,8
1411,dissertation,4,faculty,1,partial,2
1414,fulfillment,1,Barbour,1,Barbor,1
1417,fiction,1,sacred,1,scripture,1
1420,narrative,2,insane,1,in-sync,1
1423,batches,1,casual,8,something casual,1
1426,first date,1,bumble,1,cosy,6
1429,cosy time,1,cosy,6,cozy,8
1432,swot,1,cozy,8,cosy,6
1435,relayed,1,converge,4,divergence,9
1438,mnemonic,2,semantics,4,linguistics,4
1441,pragmatics,4,etymology,3,discourse,2
1444,cosy,6,cozy,8,laid out,1
1447,for the sake of,3,coordinate,2,demonstrate,6
1450,accessories,1,accessory,1,fluffy,2
1453,appeal,1,cozy,8,cosy,6
1456,northland,9,northland,9,decathlon,3
1459,robust,1,hydra,1,draft,1
1462,prompt,2,promptly,1,underlying,1
1465,diverged,1,circumvents,2,Lotter,1
1468,lottery,1,landscape,2,commodity,2
1471,exploit,7,circumvents,2,avenue,1
1474,likelihood,1,taxonomy,5,sheared,1
1477,absorbing,1,homologous,1,free lunch,1
1480,rationale,2,gradients,1,surgeon,2
1483,scalable,2,surgeon,2,compound,7
1486,sparsification,1,Compound Sparsification,1,scroll,1
1489,distillation,6,Knowledge Distillation,1,Downstream compression,1
1492,dimensionality,1,scalable,2,inverse,2
1495,empirical,5,alleviated,2,Exel,1
1498,excel,1,excel in,1,evicting,1
1501,eviction,2,consent,3,tear down,1
1504,perplexity,4,decomposition,8,distiller,2
1507,thriller,1,tremble,1,shiver,1
1510,renaissance,3,on the fly,3,progressive,3
1513,treat,2,visual treat,2,sentiment,6
1516,witnessed,2,outstrips,2,at the expense of,2
1519,firefang,2,fang,2,Hsue-shen Tsien,3
1522,pattern,2,split,2,cum,2
1525,cumulative,6,accumulate,2,cumulate,2
1528,cumulative,6,enumerating,3,evenly,4
1531,even,2,odd,2,oddly,2
1534,on the fly,3,progressive,3,treat,2
1537,visual treat,2,sentiment,6,witnessed,2
1540,outstrips,2,at the expense of,2,firefang,2
1543,fang,2,Hsue-shen Tsien,3,pattern,2
1546,split,2,cum,2,cumulative,6
1549,accumulate,2,cumulate,2,cumulative,6
1552,enumerating,3,evenly,4,even,2
1555,odd,2,oddly,2,heliotrope,3
1558,dryad,2,summit,2,conceal,3
1561,heliotrope,3,dryad,2,summit,2
1564,conceal,3,resolve,2,salute,1
1567,dimension,2,Sapphire Rapids,1,sapphire,2
1570,emerald,2,counters,2,disproportionately,1
1573,proportionate,1,proport,1,proportion,2
1576,paraphrase,1,corpus,7,causal,8
1579,casual,8,Vally,1,valley,2
1582,stretch,1,scratch,3,Hsue-Shen Tsien,2
1585,defence,2,defence,2,defence date,1
1588,aeronautics,1,HSUE-SHEN TSIEN,1,superaerodynamics,1
1591,mechanics,1,rare,1,rarefied,1
1594,procrastination,1,lottery ticket,1,recall,1
1597,counters,2,SU,1,CCCP,2
1600,苏联,1,soviet,1,commodity,2
1603,distillation,6,orthogonal,5,primary,1
1606,context,3,in the context of,2,compound,7
1609,magnitude,2,illustration,4,prior,3
1612,compound,7,in this context,1,context,3
1615,content,4,magnitude,2,fragile,1
1618,perturb,1,pertubation,1,perturbation,1
1621,collapse,3,saliency,6,weight saliency metrics,1
1624,demonstrate,6,conjunction,4,rectangular,1
1627,formulation,3,individual,3,saliency,6
1630,saliency metrics,1,formulation,3,formulation,3
1633,intuitively,2,tolerable,1,Platon,1
1636,estimation,3,curvature,3,wham,1
1639,Oder,1,order,1,tomcat,1
1642,daemon,1,Dunhill,1,Jensen,1
1645,jensen huang,1,jen-hsun huang,1,influential,1
1648,expect,2,follow,1,leather bomber jacket,1
1651,transfer,1,base,1,complimentary,3
1654,bomber,1,Alfred,1,handle,1
1657,fly off,1,acheeee,1,sapphire,2
1660,enhancement,1,enhaced,1,enhanced,1
1663,TEM8,1,vovabulary,1,vocabulary,2
1666,TEM4,1,nil,1,assigned,1
1669,imitation,2,originality,1,origin,1
1672,dialogue,4,cyberloaf,2,cyberloaf,2
1675,peer,1,engaging,1,entertainment,1
1678,entertain,1,entertaining,1,amuses,1
1681,entertain doubots,1,entertain doubts,1,goubts,1
1684,doubts,1,vocabularay,1,vocabulary,2
1687,successful,1,sosy,1,cosy,6
1690,cozy,8,positif,1,diffusion,1
1693,MBTI,3,INTP,1,ENTJ,1
1696,ideal,1,intuition,3,intuitive,1
1699,extraverted,1,interverted,1,intervert,1
1702,内向,1,introvert,1,ayaka,1
1705,ayato,1,ayaya,1,ayka,1
1708,AK47,1,versatile,3,estimation,3
1711,tron,1,swift,1,hyf,1
1714,hytf,1,hyft,1,versatile,3
1717,Marginally,1,threshold,1,tonnage,1
1720,luft,1,waffe,1,luftwaffe,1
1723,compound,7,enormous,1,sentiment,6
1726,cryptocurrency,2,prohibit,1,pursued,1
1729,distillation,6,impactful,1,Over-Parameterized,1
1732,performent,1,performant,1,VNNI,1
1735,readily,2,read,1,ready,1
1738,readily,2,In spirit with,2,In spirit with,2
1741,performantly,2,performantly,2,sentiment,6
1744,attitude,2,attitute,1,attribute,4
1747,attitude,2,attribute,4,aptitude,1
1750,altitude,2,amplitude,1,longitude,1
1753,latitude,1,altitude,2,basin,1
1756,canyon,1,cannon,1,continent,1
1759,desert,3,glacier,1,plateau,2
1762,peninsula,1,strait,1,gulf,1
1765,volcano,1,candidates,2,ambiguous,2
1768,pickle,1,squad,3,legacy,2
1771,dencent,1,decent,3,dense,3
1774,desent,1,decent,3,tramp,1
1777,trump,1,DPI,1,illusion,5
1780,illustration,4,Apparently,1,identicaly,2
1783,identicaly,2,identically,2,独立的,1
1786,indenpendent,1,independent,1,indentical,1
1789,identical,5,identity,1,auto,1
1792,automobile,1,automatic,1,exclusive,3
1795,inclusive,2,freestyle,1,freestanding,1
1798,autonomous,1,sovereign,3,identical,5
1801,Bordeaux,1,symposium,1,conference,1
1804,may,2,april,2,Mayt,1
1807,May,1,historic,1,diverse,6
1810,Recipients,1,Dissertation,1,San Francisco^ CA,1
1813,加利福尼亚州,1,terminology,1,objectionable,1
1816,Exhibition,1,extended,1,Symposia,1
1819,Ethereal,1,annotation,1,heliotrope,3
1822,gaussian splatting,1,splatting,2,gaussian,1
1825,in the realm of,4,in the realm of,4,realm,1
1828,radiance,1,in the realm of,4,in the realm of,4
1831,3D Gaussian Splatting,1,splatting,2,verse,1
1834,melody,1,density,1,IEE,1
1837,IEEE,1,AAAI,1,squad,3
1840,periphral,1,peripheral,1,mingw64,1
1843,pacman,1,ubuntu,2,patient,1
1846,loreal,1,loral,1,loyal,1
1849,construction,2,construct,1,instincts,1
1852,wondrous,1,estimate,1,quantile,1
1855,trivel,1,trivial,2,lack of novelty and,1
1858,credit,1,Koenker,1,corherent,1
1861,coherent,3,fragment,1,Information Capacity,1
1864,Recruitment,1,Position,1,Recruitment Position List,1
1867,Campus Recruitment Position List,1,Corollary,1,bodyguard,1
1870,enin,1,erin,1,hunter,1
1873,erin hunter,1,Compound,1,PLATON,1
1876,individual,3,sailency,1,saliency,6
1879,vurvature,1,curvature,3,loss curvature,1
1882,inverse,2,infeasible,2,parametrization,1
1885,yields,1,“but we show that,1,but we show that,1
1888,matrix inversion,1,inherently,1,noisy,1
1891,yielding,1,regimes,1,divergence,9
1894,GAN,1,hardness,1,hardness parameter,1
1897,mixture,1,compound,7,Contrary to,1
1900,intermediate,1,orderof-magnitude,1,order-of-magnitude,1
1903,obtain,1,obtaining,1,tenary,1
1906,ternary,1,spectrum,5,Spectrum,1
1909,Hessian Spectrum,1,inverstigate,1,investigate,2
1912,orthogonal,5,showcase,1,conjunction,4
1915,in conjuction with,1,in conjunction with,1,downstream,1
1918,Upstream,1,incure,1,incur,3
1921,moderate,2,prior,3,orthogonal,5
1924,orthography,1,religious,1,premature,2
1927,premature death,1,Tsien Hsue-Shen,1,Hsue-Shen Tsien,2
1930,orthogonal,5,degradation,3,Nevertheless,1
1933,in terms of,2,emphasize,1,complementary,3
1936,ablation,2,damp,1,Generalized,1
1939,failure,1,accordingly,1,preserve,2
1942,occur,1,gradually,1,i.e.,1
1945,expand,1,in practice,1,infeasible,2
1948,empirical,5,circumvent,2,intractable,1
1951,correlations,1,binomial,2,alleviated,2
1954,Validation,1,taxonomy,5,neglected,1
1957,dearth,1,comparative,2,emerging,4
1960,pruning,1,plum,1,prune,1
1963,shed,1,shed light,1,commonalities,1
1966,prospect,1,facilitate,6,adversarial,1
1969,robustness,1,curated,3,Adelaide,1
1972,lexical,4,analyzer,1,supplementary,2
1975,taxonomy,5,criteria,2,saliency,6
1978,regulation,1,regularization,1,reinforcement,1
1981,reinforcement learning,1,comprehensive,2,comparative,2
1984,scratch,3,from scratch,2,supervision,1
1987,decomposition,8,compression,1,PERPLEXITY,1
1990,ACCELARETORS,1,accelerators,1,Комитет Государственной Безопасности,1
1993,Kotel,1,estimatino,1,estimatin,1
1996,estimation,3,mahjong,1,attained,1
1999,contextual,2,comprehensioin,1,comprehension,1
2002,prevalent,1,solely,1,pinpoint,1
2005,ever-overlooked,1,everoverlooked,2,everoverlooked,2
2008,exploit,7,coordination,1,excessive,1
2011,tailored,4,tackle,2,paradigm,4
2014,predicts,1,distributed,1,coordinated,2
2017,ALLEGORY,1,leashing,1,unleashing,2
2020,oriented,4,disaggregated,1,retrieval,5
2023,serving,1,distillation,6,irregularly,1
2026,block-circulant matrix,1,circulant,1,semi-structured,1
2029,candidate,3,exploiting,5,Exploration,1
2032,Coarse-grained,1,Fine-frained,1,Fine-grained,1
2035,appliance,3,Sun Yat-Sen,1,facilate,2
2038,granularity,5,intrinsic,2,presence,1
2041,in presence of,1,determinstic,1,deterministric,1
2044,deterministic,2,federated,1,federate,1
2047,permutation,5,imitation,2,common men,1
2050,impact,1,predict,1,predictive,1
2053,quest,1,footprint,1,abstraction,1
2056,outline,1,novice,1,seasoned,1
2059,spark,1,plethora,1,spark a plethora of,1
2062,linear projection,1,projection,4,flattented,1
2065,flattened,1,patches,1,MLP,2
2068,divergence,9,福,1,blessing,1
2071,覆盖,1,coverage,1,diverage,1
2074,divergence,9,entropy,1,agnostic,2
2077,curvature,3,saliency,6,sub-optimal,1
2080,Estimator,1,backpropagation,1,Binarization,1
2083,ternarization,2,ternarization,2,Separable,1
2086,Recursive,1,atrous,1,fine-granular,1
2089,exhibits,3,establishes,1,forgo,1
2092,incur,3,prohibits,1,Task-agnostic,1
2095,agnostic,2,Pointwise,1,Discriminative,1
2098,by constrast,1,by contrast,1,receptive,2
2101,inductive,1,spatial,4,interdependencies,1
2104,depicted,2,overlapping,2,resolution,2
2107,retains,3,saliency^,1,granularity,5
2110,pros and cons,1,hinder,1,Gradual magnitude pruning,1
2113,non-convex,2,dedicated,6,inherited,1
2116,simultaneously,8,simultaneously,8,benifit from,1
2119,benefit from,1,recursive,1,compensate,1
2122,backbone,4,virtue,1,by cirtue of,1
2125,by virtue of,1,row-major,1,column-major,2
2128,column-major,2,portions,1,allocation,4
2131,capsule,1,invariant,2,hypothesis,5
2134,alternately.,1,substitute,3,ratio,2
2137,negligible,4,composite,2,dice,1
2140,composite,2,crucial,10,the presence of,1
2143,inaccuracies,1,invalidate,1,overlapping,2
2146,granularity,5,superior,3,retains,3
2149,crucial,10,implications,1,implication,3
2152,influence,1,implicit,4,implicitly,1
2155,granularity,5,bangkok,1,batit,1
2158,casa,1,dedignation,1,derived,5
2161,derivate,2,derivativ,1,derivative,2
2164,discrete,3,evenly,4,symmetrical,1
2167,constitutes,1,constitude,1,constitute,1
2170,Straight-Through Estimator,1,estimator,2,estimated,1
2173,attaining,1,emergent,1,decomposition,8
2176,standard deviation,2,marginal,1,centroids,1
2179,Accommodating,1,spread,1,nested,1
2182,bald eagle,2,exhibits,3,exhibit,4
2185,decay,2,activated,1,candidate,3
2188,patch merging,1,patch,2,proposal,3
2191,alleviate,4,allocate,1,rapid,1
2194,pseudo,1,pseudorandom,1,quasi,2
2197,Quasi Mote Caro,1,Quasi Monte Carlo,1,premature,2
2200,prematurely,1,纹身,1,tattoo,1
2203,eyeful,1,horn,1,horny,1
2206,aroused,1,sexually aroused,1,deics,1
2209,edics,1,ethnic origins,1,ancestry,1
2212,in terms of,2,in terms of race,1,portal,2
2215,affiliations,1,rearrangement,1,intervention,1
2218,complicates,1,Granularity,2,simultaneously,8
2221,simultaneous,4,systematically,1,principle,1
2224,simultaneous,4,off the rails,1,alternate,1
2227,vice-versa,2,vice-versa,2,gradient,1
2230,MLP,2,perceptron,2,multi-layer perceptron,1
2233,shuffle,2,decipting,1,decipt,1
2236,depict,2,depicting,1,illustration,4
2239,Static,1,pertinent,2,incur,3
2242,burdens,2,applicable,1,exhibit,4
2245,adaptablility,1,encounter,2,degradation,3
2248,simultaneously,8,pertinent,2,burdens,2
2251,dedicated,6,reorder,1,Ariane,1
2254,have emerged as,4,emerged,2,emerged as,1
2257,zurich,1,switzerland,2,bologna,1
2260,University of Bologna,1,intensities,1,arithmetic intensities,1
2263,exclusively,2,competitive,2,fully-depleted,2
2266,deplet,1,depleted,1,deplete,1
2269,distinct,3,preliminaries,2,preliminary,2
2272,denominator,5,denominator inversion,1,分子,1
2275,分母,1,molecule,1,numerator,3
2278,denominator,5,inversino,1,inversion,1
2281,integrity,1,eplision,1,eplison,1
2284,epsilon,1,transliterate,1,transcribe,1
2287,dictation,1,have emerged as,4,have emerged as,4
2290,with respect to,1,Energon,2,Energon,2
2293,possess,2,Energon Crystals,1,Iron Man,1
2296,permitted,1,verbatim,1,inaccessable,1
2299,arctic,1,vault,1,arctic code vault contributor,1
2302,plaza,1,struck,1,truck,1
2305,starsturck,1,starstruck,1,extravert,1
2308,extraordinate,1,ordinate,5,横坐标,1
2311,abscissa,3,ordinate,5,经度,1
2314,纬度,1,extraordinaire,1,extraordinary,1
2317,ordinary,1,badge,1,tiers,1
2320,Asymptotic,1,Speculating,1,Asymptotic Sparsity Speculating,1
2323,mandatory,1,enumerating,3,institutional,1
2326,reverse,1,smuggling,1,Switzerland,1
2329,Rhine,1,Gursky,1,detect,1
2332,present,1,St Petersburg,1,St,1
2335,theatre,1,finland,1,switzerland,2
2338,sweden,1,norway,1,iceland,1
2341,Ukraine,1,Poland,1,Austria,1
2344,Austrlia,1,Austrilia,1,Belgium,1
2347,Serbia,2,Vantican,1,Vatican,1
2350,Spain,1,spin,1,Turkey,1
2353,Turkiye,1,Türkiye,1,photography,1
2356,peculiar,2,ABBR,1,abbreviated,1
2359,abbreviation,1,australia,1,austria,1
2362,paradise,1,Gloss,1,gross,1
2365,Grossglockner,1,glock,1,Österreich,1
2368,Ostarrîchi,1,marchia austriaca,1,oriental,1
2371,orient,3,orlen,1,oriented,4
2374,orient,3,parsnip,4,parship,1
2377,cream-coloured,2,cream-coloured,2,Hopfield,1
2380,goverment,1,gorvement,1,governor,1
2383,government,1,cult,1,imperial,2
2386,adeptus,1,mechanicus,1,worshiipers,1
2389,have emerged as,4,exploiting,5,exclusively,2
2392,on-the-fly,1,fully-depleted,2,silicon-on-insulator,2
2395,silicon-on-insulator,2,insulator,1,revolutionized,1
2398,superior,3,recurrent,3,RNN,1
2401,modalities,2,multiple modalities,1,ubiquity,2
2404,on par,2,on par,2,perform on par,1
2407,equivalents,2,superlinear,1,a superlinear number of,1
2410,intensive,3,peculiar,2,restricts,2
2413,incurs,2,Furthermore,1,necessitats,1
2416,necessitates,1,substantial,7,orient,3
2419,oriented,4,fashion,1,denominator summation,1
2422,in turn,1,despite,1,aggressive,1
2425,aggress,1,PRELIMINARIES,1,transformations,1
2428,projection space,1,encounter,2,encountered,2
2431,eliminating,2,speculation,4,criteria,2
2434,fetch,1,coherent,3,symbolic,2
2437,exploit,7,progressive,3,utilize,1
2440,irrelevant,2,EMERGING APPLICATIONS,1,asymptotic,1
2443,speculation,4,bidirectional asymptotic speculation unit,1,preferable,1
2446,equivalents,2,occupancy,2,conversion,3
2449,parametric,1,partial sums,1,denominator,5
2452,be supplied as,2,be supplied as,2,clipping,1
2455,incorporates,1,prevent,1,simultaneously,8
2458,substantially,3,sustain,2,downside,1
2461,portion,2,a small portion of,1,temporal,3
2464,regime,2,spatial input reuse,1,innermost,1
2467,proposal,3,concurrently,2,simultaneous,4
2470,synchronous,1,homochronous,1,synchronal,1
2473,simultaneously,8,conincidentally,1,coincidentally,1
2476,invariant,2,decomposes,1,resolution,2
2479,drastically,3,facilitating,2,facilitate,6
2482,facilate,2,facilation,1,exploiting,5
2485,appliance,3,Statically,1,contemporaneously,1
2488,reveals that,1,Evolutionary Machine Learning,1,neural,1
2491,proposal,3,Inception,1,Inception Network,1
2494,harnessing,1,retrival,2,retrieve,2
2497,retrieval,5,retreat,1,rehearse,1
2500,Joan of Arc,1,sadomasochism,1,utilization,1
2503,swizzing,1,swizz,1,swizzle,2
2506,weight stationay,2,weight stationay,2,stationary,2
2509,Iris,1,Platform,1,Platinum,1
2512,delphinium,1,wrap,2,towel,1
2515,tower,1,tide,1,tite,1
2518,tyte,1,tight,1,breeze,1
2521,romantika,1,romantic,1,mulling,1
2524,roselite,1,prism,3,velvet,1
2527,wild,2,wind,1,cotton,1
2530,cotton candy,1,noir,1,appetizer,1
2533,shrimp,1,twilight,1,wavy,1
2536,potpourri,1,lassi,1,strapped,1
2539,cash strapped,2,democracies,1,clenched,1
2542,clenched fist,1,wallowing in,1,imperious,2
2545,imperial,2,imperviouos,1,impervious,1
2548,empire,1,imperialism,2,democracy,2
2551,constitution,1,election,1,parliament,1
2554,congress,1,legislatino,1,legislation,2
2557,executive,1,judiciary,1,citizen,1
2560,citizenship,1,civilization,1,civil,1
2563,civil rights,1,human rights,1,sovereignty,1
2566,federalism,1,decentralization,1,bicameralism,1
2569,cameralism,1,camera,1,bicamera,1
2572,monarchy,1,oligarchy,1,authoritarianism,1
2575,totalitarianism,1,fascism,1,communism,1
2578,socialism,1,capitalism,1,imperialism,2
2581,colonialism,1,diplomacy,1,NGO,1
2584,transparency,1,accountability,1,Separation of Powers,1
2587,Checks and Balances,1,Judicial Review,1,suffrage,1
2590,universal suffrage,1,referendum,2,protest,1
2593,revolution,2,evolution,2,reform,1
2596,sanctions,1,economic sanctions,3,immunity,1
2599,diplomatic,1,diplomatic immunity,1,peacekeeping,1
2602,multilateralism,1,campaign,1,poll,2
2605,platform,1,incumbent,1,coalition,2
2608,partisan,1,nonpartisan,1,activism,1
2611,advocacy,1,lobby,1,grassroots,1
2614,town hall,1,disobedience,1,obedience,1
2617,petitino,1,petition,1,protest march,1
2620,march,2,j january,1,january,1
2623,february,1,march,2,april,2
2626,may,2,june,1,july,1
2629,august,1,september,1,october,1
2632,novermber,1,november,1,december,1
2635,monday,1,tuesday,1,wednesday,1
2638,thursday,1,friday,1,saturday,1
2641,sunday,1,March,1,rally,1
2644,boycott,1,referendum,2,impeach,1
2647,impeachment,1,recall election,1,gerry,1
2650,gerrymandering,1,mandering,1,ballot,1
2653,exit poll,1,blame,1,asmr,1
2656,anneal,1,annealing,2,exhaustive,1
2659,retrieval,5,retrieval augmented generatioin,1,retrieval augmented generation,1
2662,casino,1,cutscene,1,aepe,1
2665,ape,2,gorilla,1,orangutan,1
2668,orangoutang,1,chimpanzee,1,panzee,1
2671,chimps,1,smart,1,Wu Kong,1
2674,lehigh,1,lehigh university,1,Magnetospheric,1
2677,cyberspace,1,federal,1,unveils,1
2680,unveil,5,Divergence,1,linpacck,1
2683,PDE,2,HPCG,1,diverge,2
2686,scatter,1,aotmics,1,atomics,1
2689,squas,1,squad,3,squash,1
2692,squashing,1,over-squashing,1,over-smoothing,1
2695,fuse,1,monolithic,4,tenants,1
2698,fiber,1,explot,1,exploiting,5
2701,octree,1,hyperspectral,1,spectral,1
2704,concurrency,2,quadtree,1,paradigms,1
2707,consult,1,consultative,1,committee,1
2710,facilitate,6,consent,3,content,4
2713,constent,1,concent,1,consent,3
2716,consistent,2,contest,1,conscientious,1
2719,concurrency,2,heterogeneous,4,emerging,4
2722,Gestapo,1,catalog,1,Granularity,2
2725,Adolf Hitler,2,Adolf Hitler,2,variant,1
2728,coordinate,2,orchestrating,2,versatile,3
2731,convex,2,Systematic,2,Systematic,2
2734,Heterogeneous Integration,1,roadmap,3,Monolithic,1
2737,landscape,2,divergence,9,sapphire rapid,1
2740,sapphire rapids,1,platonic,1,hypothesis,5
2743,dictum,1,whitehead,1,Representational Convergence,1
2746,representation,1,representational,1,convergence,3
2749,conjecture,3,converge,4,convergence,3
2752,model stitching,1,stitching,1,hypothesis,5
2755,mackler,1,spectrum,5,dio,1
2758,divine,1,investment,1,interior,2
2761,glory,1,hypervisor,1,affected,1
2764,rstack,1,spectre,1,specter,1
2767,mitigation,2,vulnerabilities,1,vulnerability,2
2770,Vulnerable,1,mitigation,2,Speculative,1
2773,sanitization,1,TSX,1,staellite,1
2776,satellite,1,vulnerability,2,security vulnerability,1
2779,divergence,9,divergence,9,unconventional,1
2782,conventional,1,indentation,1,trailing,1
2785,trail,1,For convenience^,1,trilingual,1
2788,peculiarites,1,peculiarities,1,stealth,1
2791,stealth fighter,2,Bangladesh,1,Bengal Empire,2
2794,Bengal Empire,2,kaiserreich,2,kaiserreich,2
2797,Cambodia,1,collapse,3,disconect,1
2800,discontent,1,content,4,skyrocketing,1
2803,grip on,1,slipping,1,speculatin,1
2806,speculation,4,very eyes,1,before our very eyes,1
2809,illustion,1,illusion,5,illusiion,1
2812,illusion,5,culprit,1,pandemic,1
2815,slump,1,narrative,2,restrictions,1
2818,collapse,3,turbulent,1,looking inward,1
2821,domestic,2,democratic,1,mocratic,1
2824,undemocratic,1,democracy,2,remilitarizing,1
2827,gutted,1,gut,1,biographies,1
2830,purges,1,manipulate,1,manipulation,1
2833,vacuum,2,diphthong,2,vowel,1
2836,tongue,1,consonant,1,IPA,1
2839,Phonetic Alphabet,1,phonetic,2,phoneme,1
2842,diphthong,2,semivowel,1,voiceless consonant,1
2845,voiced consonant,1,nasal,1,lateral,2
2848,fricative,1,plosive,1,linguistics,4
2851,phonetics,1,phonology,1,semantics,4
2854,pragmatics,4,morphology,1,taxonomy,5
2857,syntax,1,sociolinguistics,1,psycholinguistics,1
2860,discourse,2,aardvark,1,aardwolf,1
2863,aard,1,maar,1,radii,1
2866,radius,1,minima,1,maxima,1
2869,cadii,1,cadis,1,vacuum,2
2872,continuum,1,residuum,1,your quest is over,1
2875,veil,1,unveil,5,unveil,5
2878,unveiling,1,autoregressive,1,orchestrating,2
2881,kaggle,1,grandmas,1,orchestration,1
2884,orchestra,1,balcony,1,dilatory,1
2887,equivocation,1,fatuous,1,hoi polloi,1
2890,polloi,1,ineffable,1,ineffably,1
2893,juxtaposition,2,jux,1,lugubrious,1
2896,mellifluous,1,obfuscate,1,pernicious,1
2899,alacrity,1,anomaly,1,apostasy,1
2902,burgeon,1,cacophony,1,denouemnet,1
2905,denouement,1,dichotomy,1,ephemeral,1
2908,epiphany,1,fiasco,1,hegemony,1
2911,iconoclast,1,inefficacy,1,juxtaposition,2
2914,lugubriousness,1,mellifluousness,1,nebulousness,1
2917,nebulous,1,obfuscation,1,星云,1
2920,nebula,1,perniciousness,1,quagmire,2
2923,stamp,1,swamp,1,quagmire,2
2926,ratio,2,radio,1,ratiocination,1
2929,cinatioin,1,cination,1,sycophant,1
2932,tangibility,1,ubiquity,2,vicissitude,1
2935,welter,1,xenophobia,1,yoke,1
2938,zealotry,1,takeaway,1,snack,2
2941,meat counter,1,dairy products,1,dairy,1
2944,fresh produce,1,organic,1,discount,1
2947,doupon,1,coupon,1,reservation,1
2950,Tabel for two,1,Table for two,1,special dietary needs,1
2953,dietary,1,allergies,1,refill,1
2956,complimentary,3,intersection,3,landmark,1
2959,suite,1,air conditioning,1,fare,1
2962,pick-up point,1,drop-off location,1,shard,2
2965,shard,2,shared ride,2,shared ride,2
2968,imperious,2,advocay,1,beckoned,1
2971,coalition,2,union,1,avenger,1
2974,tactical,1,tactic,1,strategic,1
2977,strategically,1,seminar,1,it could be,1
2980,honey select,1,HS2,1,callaghy,1
2983,Zaire,1,zaire,1,state-society,1
2986,tagonist,1,pookat,1,dasima,1
2989,immigrant,1,valhalla,1,Raspad,1
2992,Raspad SSSR,1,godness,1,goodness,1
2995,windy hill,1,context,3,内容,1
2998,content,4,词条,1,economic sanctions,3
3001,economic sanctions,3,cash strapped,2,dialect,2
3004,dialogue,4,dialection,1,unveil,5
3007,unveiled,3,reveal,2,delibertate,1
3010,deliberate,2,premier,2,Transposable,1
3013,genetic,1,genetic element,1,Renaissance,1
3016,permuted,2,Snapdragon,1,Elite,1
3019,snap,1,Emulation,1,ankle,1
3022,膝关节,1,articulatio,1,articulatio coxae synovitis,1
3025,coxae,1,synovitis,1,gluteus,1
3028,medius,1,abduction,1,malformation,1
3031,pelvic obliquity,1,pelvic,1,obliquity,1
3034,Reinforcement Learning,1,Neue Klasse model,1,Cambricon,2
3037,Cambricon,2,寒武纪,1,cambrian,1
3040,cambrian period,1,aggregation,6,decompostion,1
3043,decomposition,8,Distiller,2,adhesive,1
3046,pharmaceutical,1,epoxy,1,Paraphrase,1
3049,adversarially,1,crowdworkers,1,crowdworker,1
3052,Plausible,1,Endangered,1,legislation,2
3055,Migratory,1,bald eagle,2,logistic,1
3058,corpus,7,Corpus of Linguistic Acceptability,1,corpus,7
3061,Stanford Sentiment Treebank,1,sentiment,6,treebank,1
3064,Microsoft Research Paraphrase Corpus,1,Semantic Textual Similarity Benchmark,1,senmatic,1
3067,semantic,1,semantical,1,textual,1
3070,Lexical Semantics,1,lexical,4,Multi-Genre Natural Language Inference,1
3073,multi-genre,1,hypothesis,5,contradiction,2
3076,contradicts,1,entail,2,entailment,1
3079,Recognizing Textual Entailment,1,Winograd Schema Challenge,1,schema,2
3082,winograd,2,lexical,4,lexical entailment,1
3085,pronoun,1,diagnostic dataset,1,diagnostic,1
3088,integral,3,blackpen,1,redpen,1
3091,Dissertator,1,dissert,1,desert,3
3094,paper,1,winograde,2,Coppersmith–Winograd,1
3097,coppersmith,1,winograde,2,winograd,2
3100,prompt,2,hint,1,indicate,1
3103,indicated,1,instability,1,loci,2
3106,maize,1,progency,1,progeny,1
3109,conducted,1,uranium,1,uranus,1
3112,neptunium,1,neptune,1,plutonium,1
3115,pluto,1,interlude,1,unwilling,1
3118,merger talks,1,amid,1,competition,1
3121,automakes,1,automakers,1,eventual,1
3124,three-way,1,tie-up,1,Mitsubishi,1
3127,negotiations,1,three-way tie-up,1,intercourse,1
3130,交际,1,social construct,1,heterosexual,1
3133,orientations,1,thrust,1,stimulate,2
3136,depiction,1,shepherd,1,purse,1
3139,pursed her lips,1,mandarin,1,cantonese,1
3142,AUTOMOTIVE INDUSTRY,1,expressway,1,forklift,1
3145,transportation,1,logistics,1,nether,1
3148,netherland,1,conglomerate,1,headquartered,1
3151,revenue,1,defect,1,karaok,1
3154,karaoke,1,glove box,1,mind blowing,1
3157,surpass,1,naval,2,rigotous,1
3160,rigorous,1,underrated,1,competing,1
3163,patrol,1,explicitly,2,avionics,1
3166,interplay,1,reminiscent,1,generous,1
3169,tariffs,1,invasion,1,trojan,1
3172,trojan horse,1,allege,1,substantiate,1
3175,substantial,7,substant,1,substantive,2
3178,sbustance,1,substance,1,substitution,2
3181,substitute,3,scaremongering,1,mongering,1
3184,moger,1,monger,1,binge,1
3187,moratorium,1,regulatory,1,regulatory tax,1
3190,joint ventures,1,intensive,3,intensified,1
3193,involve,1,involvement,2,dealerships,1
3196,nomenclature,1,SSSS,1,momentum,1
3199,heat up,1,commentary,1,legit,1
3202,indicator,1,fabirc,1,fabric,3
3205,non-convex,2,objective function,1,feasible region,1
3208,optimum,1,global optium,1,global optimum,1
3211,local optimum,1,saddle point,1,gradient descent,1
3214,stochastic,1,stochastic gradient descent,1,conjugate,3
3217,conjugate gradient method,1,quasi,2,quasi-Newton method,1
3220,evolutionary algorithm,1,simulated anneling,1,simulated annealing,1
3223,annealing,2,genetic algorithms,1,swarm,1
3226,particle,2,particle swarm optimization,1,proposals,1
3229,backbone,4,evaluation,2,Westlake University,1
3232,illinois,1,University of Illinois at,2,University of Illinois at,2
3235,Carnegie Mellon University,1,carnegie,1,mellon,1
3238,carnegie mellon,1,corpus,7,grande,1
3241,winogrande,1,commonsense,1,schema,2
3244,winograd schema challenge,1,CORDIC,1,coordinated,2
3247,renaissance,3,crucial,10,necessitate,1
3250,resort to,1,innovative,1,simultaneous,4
3253,simultaneously,8,eliminating,2,derivate,2
3256,contrastive,1,ablation,2,ablation study,2
3259,ablation study,2,smoke test,1,centric,1
3262,demonstrate,6,paradigm,4,computing paradigm,1
3265,paves the way,1,unprecedented,2,emerging,4
3268,conversion,3,offset,1,interleaving,3
3271,swizzling,2,interleaving method,1,swizzling methods,1
3274,dominant,3,explicit,5,impilicit,1
3277,implicit,4,recessive,1,dominant,3
3280,paramount,1,predominant,1,preponderant,1
3283,ponderant,1,inderior,1,inferior,1
3286,subordinate,3,ordinate,5,a abscissa,1
3289,abscissa,3,scissors,1,subordinate,3
3292,ordinate,5,scion,1,scint,1
3295,scintillation,1,decomposed into,1,tailored,4
3298,tailored to,1,critical,1,cruise,1
3301,crucial,10,residence,1,enlarge,1
3304,exponentially,1,general practice,1,permuted,2
3307,premutation,1,aggregation,6,bit-serial aggregation,1
3310,consolidation,2,halves,2,fast aggregation,1
3313,pivot,2,alleviate,4,consolidatoin,1
3316,consolidation,2,pervasively,2,frontier,1
3319,unprecedented,2,autonomy,1,drastically,3
3322,excerpts,1,explicitl,1,explicitly,2
3325,empirical,5,compelling,1,data leakage,1
3328,accomodate,3,accomodate,3,accommodate,3
3331,encompass,4,stark,1,hurdle,1
3334,laoding,1,compromising,1,accomodating,1
3337,accommodating,1,seamless,3,contingent,1
3340,overlapped,1,contingent upon,1,ultimately,1
3343,revert to,1,capitalize,1,diversity,2
3346,divergence,9,sbustantial,1,substantial,7
3349,diversity,2,facilitating,2,facilitate,6
3352,compound,7,incentive,1,consequently,3
3355,spectrum,5,capable of,1,supporting a spectrum of,1
3358,a spectrum of,1,accomodate,3,accommodate,3
3361,encompass,4,in the context of,2,leverage,2
3364,suboptimal,1,attributable,1,be attributable to,1
3367,attribute,4,inadequate,1,uncharted,1
3370,diverse,6,exploits,5,exploit,7
3373,permutations,1,permute,1,facilitate,6
3376,traverses,2,decomposed,1,be decomposed into,1
3379,debris,1,fragments,1,bomb,1
3382,traverses,2,indices,1,index,1
3385,aggregation,6,mortal,2,materialization,1
3388,rationale,2,shrink,2,crucial,10
3391,symmetriaztion,1,symmetrization,1,enlongated,1
3394,elongated,2,compilation,1,a magnitude of,2
3397,a magnitude of,2,the advent of,1,disruptive,1
3400,substantial,7,incurs,2,formidable,4
3403,sophisticated,3,naive,2,negligible,4
3406,non-negligible,2,holistic,1,exploits,5
3409,reinterpreting,1,elongated,2,unleashing,2
3412,dilibrate,1,deliberate,2,unveil,5
3415,reveal,2,dialect,2,linear algebra,1
3418,corpus,7,accommodate,3,permutation,5
3421,transactions,1,TBL,1,PSHUF,1
3424,shuffle,2,dramati,1,dramatic,1
3427,spilling,2,axes,2,axis,1
3430,axes,2,temporal,3,spatal,1
3433,spatial,4,notation,2,precision,1
3436,permutation,5,interleaving,3,eliminate,6
3439,In the realm of,1,demands,1,Consolidation,1
3442,exploits,5,halve,1,counterpart,1
3445,reflecting,1,capitalizes,1,analogous,1
3448,analogous to,1,negligible,4,coarse granularity,1
3451,fine granularity,1,fine-grained granularity,1,embraces,1
3454,imperceptible,1,unrolling,1,consistent,2
3457,encapsulated,1,exclusive,3,encapsulate,1
3460,conservatives,1,facilitates,2,interoperability,1
3463,intrinsics,1,intrinsic,2,trem,1
3466,term,1,halves,2,aggregation,6
3469,circumvent,2,strive,1,strive to,1
3472,empirical,5,Register swizzling,1,swizzling,2
3475,swizzle,2,opt,1,apt,2
3478,contiguous,2,non-contiguous,1,contiguous,2
3481,evalution,1,evaluation,2,concurrently,2
3484,indicating,1,encompass,4,guarantees,1
3487,derived from,1,trained from scratch,2,trained from scratch,2
3490,from scratch,2,scratch,3,versatility,1
3493,efficacy,2,efficiency,1,Distiller,2
3496,distill,1,distillation,6,pronounced,1
3499,conduct,1,conducted experiments,1,integral,3
3502,Differential,1,as depicted in,1,permutation,5
3505,non-negligible,2,aggregation,6,mean squared error,1
3508,examier,1,examiner,2,examiner,2
3511,OOP,1,oriented,4,attribute,4
3514,encapsulation,1,inheritance,1,polymorphism,1
3517,dynamic binding,1,duck typing,1,getter and setter,1
3520,compostion,1,composition,1,underscore,1
3523,sharp,1,perplexity,4,negligible,4
3526,prioritize,1,substantial,7,anticipate,2
3529,mitigated,1,orin,1,emarged as,1
3532,emerged,2,crucial,10,a segment of,1
3535,demonstrated,3,bind,1,isolates,1
3538,singular quantization,1,demonstrated,3,demonstrated,3
3541,self-distillation,1,distillatino,1,distillation,6
3544,ambitious,1,spurred,1,excels in,1
3547,excels,1,crucial,10,exploits,5
3550,broadening,1,diverse,6,the landscape of,3
3553,concentrated,1,tailored for,1,convolution,1
3556,pervasively,2,constructor and destructor,1,incident,1
3559,surface,1,lance,1,derived,5
3562,buildplates,1,plateau,2,ingot,1
3565,dimensity,1,audit,1,auditing,1
3568,incremental,1,infra,1,AI Infra,1
3571,canary,1,canary string,1,retrieving,2
3574,quine,1,affilication,1,afflication,1
3577,anticipate,2,femur,1,resolving,2
3580,granted,1,confidential,1,shirnk,1
3583,shrink,2,crucial,10,monolithic,4
3586,fabric,3,KVM,1,kernel-based virtual machines,2
3589,kernel-based virtual machines,2,supercharged,1,dramatically,2
3592,neuroscience,1,tenant,1,multi-tenant,1
3595,infrastructure,3,IT departments,1,pyramidal,1
3598,mitigating,1,expenses,1,enterprise,1
3601,facilitate,6,allocation,4,corrptions,1
3604,corrputions,1,corruption,2,tax eva,1
3607,exploiting,5,Asynchrony,1,stimulus,1
3610,ambulance,1,ambulance station,1,spectrum,5
3613,speculative,2,speculation,4,hypothetical,2
3616,conjecture,3,presumed,1,theoretical,1
3619,inferential,1,conservation,1,speculative,2
3622,abscissa,3,axiom,1,binomial,2
3625,bisect,1,calculus,1,coordinates,1
3628,catenary,1,principal value,1,centre,1
3631,centrifugal force,1,centripedal force,1,centroid,1
3634,chord,1,circumcentre,1,circumcircle,2
3637,circumference,2,perimeter,2,volume,1
3640,circumference,2,coaxial,1,coefficient,1
3643,cofactor matrix,1,denominator,5,logarithm,1
3646,complementray,1,complementary,3,oscillation,2
3649,conjugate,3,concave,1,concurrent,3
3652,concyclic,1,cone,2,confidence coefficient,1
3655,confidence interval,1,congruence,1,congruence class,1
3658,congruent,2,conic,1,pendulum,2
3661,conjecture,3,conjugate,3,conjunction,4
3664,consecutive,2,consequence,2,consequent,1
3667,conserved,1,construction,2,contradiction,2
3670,converge,4,diverge,2,convergence,3
3673,convergent,1,convergent series,1,converse,1
3676,conversion,3,convex,2,convexity,1
3679,coplanar,1,co-prime,1,correct to,1
3682,correlation,1,correspondence,1,cosecant,2
3685,cosine,1,cotangent,2,criterion,1
3688,cuboid,2,cumulative,6,cylinder,2
3691,oscillation,2,decagon,1,decimal,1
3694,declarative,1,derivable,1,depreciation,1
3697,derivative,2,deviation,3,determinant,1
3700,diagonal,1,diameter,1,dimension,2
3703,discontinuity,2,discontinuous,1,discriminant,1
3706,disjoint,1,disjunction,2,displacement,1
3709,disprove,1,dodecagon,1,duality,1
3712,eccentricity,1,eigenvalue,2,eigenvector,1
3715,elastic,1,elementary function,1,elimination,2
3718,ellipse,1,ellipsiod,1,cube,1
3721,cuboid,2,sphere,1,ellipsoid,1
3724,cone,2,cylinder,2,prism,3
3727,triangular prism,1,square pyramid,1,pyramid,1
3730,tetrahedron,3,elongation,1,enclosure,1
3733,epicycloid,1,equiangular,1,equidistant,1
3736,lateral,2,equilateral,2,equilibrium,1
3739,equiprobable,1,error allowance,1,error tolerance,1
3742,escribed,1,escribed circle,1,square,1
3745,rectangle,1,triangle,1,equilateral triangle,2
3748,isosceles,1,isosceles triangle,2,right triangle,1
3751,rhombus,2,parallelogram,3,trapezoid,1
3754,trapezium,2,pentagon,2,hexagon,2
3757,heptagon,1,octagon,1,sector,1
3760,segment,1,estimator,2,excentre,2
3763,excess,1,exclusive,3,disjunction,2
3766,expansion,2,expectation,2,explicit,5
3769,explicit function,1,extremum,1,factorial,1
3772,factorization,2,factorization,2,fallacy,1
3775,falsehood,1,concentric,1,concentric circle,1
3778,perpendicular,2,friction,2,fulcrum,1
3781,fundamental theorem of algebra,1,fundamental theorem of calculus,1,geometric mean,1
3784,geometric sequence,1,half angle formula,1,harmonic mean,1
3787,harmonic progression,1,helix,1,hemisphere,1
3790,histogram,2,homogeneous,1,asymptote,1
3793,hypocycloid,1,hypotenuse,1,identity law,1
3796,illustration,4,implication,3,implicit,4
3799,impulse,1,impulsive,1,inventre,1
3802,incentre,2,incircle,1,inclination,2
3805,inclusive,2,inconsistent,1,inelastic,1
3808,inertia,1,inference,1,infinitesimal,1
3811,infinity,1,inflection,2,inherent,1
3814,injection,1,injective,1,instantaneous,2
3817,integrable,1,integral,3,interaction,2
3820,intercept,1,interior,2,intuition,3
3823,invariance,1,invertible,1,irrational number,1
3826,rational number,1,isomorphism,1,propulsion,1
3829,jet propulsion,1,variation,1,kinetic,1
3832,friction,2,Lagrange,1,Laplace,1
3835,latent,1,latent root,1,latus rectum,1
3838,latus,1,rectum,1,lemma,1
3841,locus,1,loci,2,deviation,3
3844,dispersion,1,mensuration,1,modulus,1
3847,modulo,1,monomial,1,polynomial,1
3850,monotone,1,monotonic decreasing,1,monotonic increasing,1
3853,pulley,1,multinomial,1,multiplicand,3
3856,multiplicity,1,multiplier,1,mulually,1
3859,mutually independent,1,neighborhood,1,collinear,1
3862,commutative,1,reflexive,2,non-trival,1
3865,non-trivial,2,numerator,3,oblique,1
3868,obtuse angle,2,octant,1,quadrant,1
3871,ordinate,5,orthocentre,2,orthogonal,5
3874,orthogonality,1,overlap,1,mutually exclusive events,1
3877,mutual,1,paraboloid,1,paradox,1
3880,parallelepiped,1,parallelogram,3,parametric equation,1
3883,particle,2,pendulum,2,perimeter,2
3886,periodic,1,permutation,5,perpendicular,2
3889,pivot,2,inflection,2,inflexion,1
3892,intersection,3,polar axis,1,polar coordinate,1
3895,polyhedron,2,postulate,1,preimage,1
3898,prime number,1,primitive,1,prism,3
3901,prismoid,1,progression,1,projectile,1
3904,projection,4,proportional,1,proportion,2
3907,proposition,2,propositional calculus,1,propositional inference,1
3910,protractor,1,imaginary number,2,quadrature,1
3913,quotient,3,Linear Equation,1,Quadratic Equation,1
3916,Cubic Equation,1,Quartic Equation,1,Quintic Equation,1
3919,quotient,3,radian,1,radical,1
3922,reciprocal,1,recoil,1,rectifiable,1
3925,recurrent,3,reducibility,1,reducible,1
3928,reductio ad absurdum,1,reflexive,2,convergency,1
3931,remainder,2,resultant,1,retard,1
3934,retardation,1,revolution,2,rhombus,2
3937,secant,2,quartile,1,portion,2
3940,signum,1,harmonic motion,1,pendu,1
3943,spiral,1,spheroid,1,span,2
3946,subsidiary,1,substitute,3,substitution,2
3949,subtangent,1,subtraction,1,successive,1
3952,sufficiency,1,sufficient and necessary condition,1,suffix,1
3955,prefix,1,supplementary,2,surjection,1
3958,surjective,1,syllogism,1,synthetic,2
3961,tabulation,1,tautology,1,tesselation,1
3964,ciiterion,1,citerion,1,tetrahedron,3
3967,theorem,1,torque,1,torus,1
3970,trajectory,1,transcendental,1,transitive,1
3973,transversal,1,trapezium,2,imaginary number,2
3976,validity,1,vibration,1,Factorization,1
3979,Inequalities,1,Surds,1,Decimal,1
3982,Numerator,1,Denominator,1,Fraction,1
3985,proposition,2,multiplicand,3,minuend,2
3988,augend,1,summand,1,addend,1
3991,minuend,2,subtrahend,1,multiplicand,3
3994,faciend,1,multiplicator,1,dividend,1
3997,divisor,1,quotient,3,remainder,2
4000,numerator,3,denominator,5,hexadecimal,1
4003,algebra,2,evolution,2,extraction,1
4006,radial,1,point^ line^ plane and,1,acute angle,1
4009,right angle,1,obtuse angle,2,straight angle,1
4012,reflex angle,1,round angle,1,perigon,1
4015,Pythagorean theorem,1,scalene,1,scalene triangle,1
4018,isosceles triangle,2,equilateral triangle,2,quadrilateral,1
4021,parallelogram,3,congruent,2,trigonometry,1
4024,cotangent,2,secant,2,cosecant,2
4027,aggregate,3,periodicity,1,monotonicity,1
4030,parity,1,polyhedron,2,hyperbola,1
4033,parabola,1,rhomb,1,pentagon,2
4036,hexagon,2,tetrahedron,3,equilateral,2
4039,incentre,2,incenter,1,excentre,2
4042,excenter,1,escentre,1,escenter,1
4045,orthocentre,2,orthocenter,1,barycentre,1
4048,barycenter,1,inscribed circle,1,inscribed,1
4051,circumcircle,2,weighted average,1,deviation,3
4054,standard deviation,2,propotion,1,percentile,1
4057,permutation and combination,1,normal distribution,1,abnormal distribution,1
4060,histogram,2,bar graph,1,broken line graph,1
4063,curve diagram,1,pie diagram,1,revolutionizing,1
4066,sophisticated,3,the landscape of,3,the landscape of,3
4069,interaction,2,practical applications,1,come to the rescue,1
4072,comprehensive,2,seamless,3,streamlining,1
4075,albeit,1,albeit with,1,commitment,1
4078,backbone,4,subsequently,2,candidate,3
4081,retrieving,2,diagnosis,1,constructor,1
4084,leveraged,1,deterministic,2,probable,1
4087,cumulative,6,self-explanatory,1,bullet,1
4090,synthetic,2,inclusion,2,inclusion policies,2
4093,inclusion policies,2,infer,2,perplexity,4
4096,warranty,1,eigenvalue,2,harmonic oscillator,1
4099,implication,3,interpreat,1,interprt,1
4102,interpret,1,reinterpret,1,conjunction,4
4105,arbitrator,1,replicated,2,thwarting,2
4108,thwarting,2,corruption,2,Modular,1
4111,Redundancy,1,Interleaved,1,Compliant,1
4114,theoretic,1,seamless,3,Simultaneous,1
4117,infrastructure,3,concatenate,2,2024,1
4120,2025,2,affiliated,2,interdisciplinary,1
4123,nonviolate,1,nonvolate,1,nonvolatile,1
4126,volatile,1,harvesting,1,energy-harvesting,1
4129,auxiliary,1,Fabricated,1,miniaturize,1
4132,roadmap,3,badging,1,aims and objectives,1
4135,ethtic,1,ethtics,1,controversies,1
4138,debates,1,timeline,1,timetable,1
4141,chedule,1,schedule,1,Bitrate,1
4144,Omnidirectionally,1,Calibrated,1,omni,1
4147,calibrate,1,calibrated,1,Infinigence,1
4150,heuristic,2,nontrival,1,nontrivial,1
4153,Cooperative,1,cooperative,1,heuristic,2
4156,on behalf of,1,alloys,1,alloy,1
4159,tin,1,bronze,1,injected,1
4162,retrivial,1,retrieval,5,retrival,2
4165,lexical,4,contextual,2,cues,1
4168,dialogue,4,curated,3,curated,3
4171,mistral,1,seek,2,allocation,4
4174,PDE,2,partial,2,partial differential equation,1
4177,ode,1,systematic,1,photonic,1
4180,monolithic,4,complementary,3,symbolic,2
4183,unveiled,3,contemporary,3,preclinical,1
4186,bench,1,bedside to bench,1,affiliated,2
4189,insisted on,1,portfolio,1,graffiti,1
4192,portal,2,algebra,2,arbitrary,1
4195,parquet,1,fine-grained,1,coarse-grained,1
4198,semantics,4,evolve,1,projection,4
4201,promotion,1,SVD,1,decompositon,1
4204,decomposition,8,palindrome,1,inflate,1
4207,deflate,1,sophisticated,3,eventually,1
4210,TCM promotion,1,permissive,1,emphasis,1
4213,whilst,2,accompanying,1,Internally,1
4216,discrete,3,diagrammatic,1,hypothetical,2
4219,Empirical,1,sparseness,1,expertise,1
4222,corpus,7,Infra,1,enumerate,2
4225,non-trivial,2,discontinuity,2,preceptron,1
4228,actue,1,acute,1,preliminaries,2
4231,notation,2,prioritized,1,hitter,1
4234,oracle,1,eviction,2,retains,3
4237,regularities,1,precludes,1,exploits,5
4240,Remarkably,1,unveiled,3,consequently,3
4243,derivation,1,conducting,1,retrieval,5
4246,encounted,1,encountered,2,replicated,2
4249,replicate,1,replication,1,perceived,1
4252,atomic,1,quantum,1,retensive,1
4255,rententive,1,retentive,2,intuitively,2
4258,modulate,1,retentive,2,explicit,5
4261,spatial,4,prior,3,priors,1
4264,lacks explicit spatial priors,1,bears,2,bears a complexity,1
4267,constraining,1,alleviate,4,draw inspiration from,1
4270,backbone,4,temporal,3,spatial domain,1
4273,decomposition,8,adeptly,1,burden,1
4276,disrupting,1,spatial decay matrix,1,exhibits,3
4279,receptive,2,drop-in,2,elimate,1
4282,eliminate,6,utilizing,1,restricte,1
4285,restricted,2,restricted,2,weight matrices,1
4288,reserve,1,accomplish,1,preliminary,2
4291,identicla,1,identical,5,be composed of,1
4294,involvement,2,heterogeneous,4,integerized,1
4297,superior to,1,dynamic programming,1,transmission,1
4300,intensive,3,dubbed,1,alleviates,1
4303,alleviate,4,substantially,3,on the fly,3
4306,evaluating,1,dericed,1,derived,5
4309,predecessor,1,decay,2,hypothesize,1
4312,drastically,3,adhere,1,primarily,2
4315,dominant,3,calibration,2,diverse,6
4318,retain,1,associated,1,overlooking,1
4321,investigate,2,adaptive,1,allocation,4
4324,iterative,1,a suite of,1,exploit,7
4327,plane,1,simultaneously,8,variable-length,1
4330,preserved,1,in contrast with,1,Asymmetric,1
4333,artifacts,2,acknowledgment,1,compendium,1
4336,patch,2,patchwork,1,sampler,1
4339,diverse,6,endeavors,1,shallow,1
4342,medley,1,surface-level,1,superficial,1
4345,fragmentary,1,scattered,2,disordered,1
4348,chaotic,1,unsystematic,1,License Plate,1
4351,drop-in,2,academy of science,1,bitdistiller,1
4354,distiller,2,finding,1,inclusion,2
4357,infrared,1,dual,1,alim,1
4360,slim,1,salience,1,saliency,6
4363,nickel,2,nickel,2,dense,3
4366,sparse,1,renaissance,3,empirical,5
4369,surpasses,1,fast-aggregation,2,fast-aggregation,2
4372,aggregation,6,thermal,1,demonstrate,6
4375,contemporary,3,distinct,3,dramatically,2
4378,unawareness,1,encompass,4,invoke,1
4381,deprecated,2,hangs,1,feat,1
4384,tangy,1,concurrent,3,tuple,2
4387,decorator,1,immutable,1,assasin,1
4390,assassin,1,assassinate,1,strip,1
4393,spectrum,5,attributes,2,parse,1
4396,ambiguous,2,tuple,2,casting,1
4399,type casting,1,explicit,5,implicit,4
4402,discard,4,seek,2,whence,1
4405,inspect,1,ommitted,1,omitted,2
4408,attributes,2,escape sequence,1,consecutive,2
4411,duplicate,1,phonetic,2,duplication,1
4414,enumerate,2,deprecation,1,retrieve,2
4417,garbled,1,mojibake,1,calibration,2
4420,2025,2,