1,2024,1,2025,2,3D Gaussian Splatting,1
4,a abscissa,1,A fictional dish of,1,A frog at the,1
7,a large corpus of,1,a little apt,1,a magnitude of,2
10,a passage of,1,a segment of,1,a small portion of,1
13,a spectrum of,1,a suite of,1,a superlinear number of,1
16,AAAI,1,aard,1,aardvark,1
19,aardwolf,1,ABBR,1,abbreviated,1
22,abbreviation,1,abduction,1,abigail,1
25,ablation,2,ablation study,2,abnormal distribution,1
28,abscissa,3,absorbing,1,abstraction,1
31,academy of science,1,acc.,1,ACCELARETORS,1
34,accelerators,1,accessories,1,accessory,1
37,accommodate,3,Accommodating,1,accommodating,1
40,accomodate,3,accomodating,1,accompanying,1
43,accomplish,1,accordingly,1,accountability,1
46,accumulate,2,acheeee,1,Achieve every goal you,2
49,acinonyx,1,acknowledgment,1,acronyms,1
52,activated,1,activism,1,actue,1
55,acute,1,acute angle,1,adaptablility,1
58,adaptive,1,addend,1,addressability,3
61,Adelaide,1,adeptly,1,adeptus,1
64,adhere,1,adhesive,1,Adole,1
67,adolescent,2,Adolf Hitler,2,adversarial,1
70,adversarially,1,advocacy,1,advocay,1
73,aepe,1,aeronautical,1,aeronautics,1
76,aerospace,1,affect,1,affected,1
79,affiliated,2,affiliations,1,affilication,1
82,afflication,1,affordable,1,aforementioned,3
85,aggregate,3,aggregating,1,aggregation,6
88,aggress,1,aggressive,1,agnostic,2
91,AHB,1,ahoy,1,ahoy there,1
94,AI Infra,1,aims and objectives,1,air conditioning,1
97,AK47,1,aka,1,alacrity,1
100,albeit,1,albeit with,1,Albus Dumbledore,2
103,Alfred,1,algae,1,algebra,2
106,alim,1,allege,1,allegory,2
109,ALLEGORY,1,allergies,1,alleviate,4
112,alleviated,2,alleviates,1,alleviation,1
115,allies,2,allocate,1,allocation,4
118,alloy,1,alloys,1,allusion,2
121,ally,1,altar,1,alter,1
124,alternate,1,alternately.,1,altitude,2
127,ambiguous,2,ambitious,1,ambulance,1
130,ambulance station,1,AMD,2,amend,1
133,ament,1,amid,1,amplitude,1
136,AMR,1,amuses,1,analogous,1
139,analogous to,1,analyzer,1,ancestry,1
142,angular,1,animal care products,1,animated,1
145,ankle,1,anneal,1,annealing,2
148,annihilation,1,Annihilation 20,1,Annihilation 35,1
151,annotation,1,annual,1,anomaly,1
154,anticipate,2,antidisestablishmentarianism,1,anxious,1
157,aotmics,1,Apache,1,APB,1
160,ape,2,apostasy,1,apparently,1
163,Apparently,1,appeal,1,appealing,1
166,appetizer,1,apple,1,appliance,3
169,applicable,1,appraise,1,appreciate,1
172,apricot,1,april,2,APT,2
175,apt,2,aptitude,1,arbitrary,1
178,arbitrator,1,archaeological,1,Arcteryx,2
181,arctic,1,arctic code vault contributor,1,Ariane,1
184,arithmetic intensities,1,arm,1,Arnold,1
187,aroused,1,array,1,articulated,1
190,articulatio,1,articulatio coxae synovitis,1,artifacts,2
193,artillery,1,Arxiv,1,as depicted in,1
196,ascend,1,ascent,2,asmr,1
199,assasin,1,assassin,1,assassinate,1
202,assent,1,assigned,1,associated,1
205,assumption,1,Asymmetric,1,asymptote,1
208,Asymptotic,1,asymptotic,1,Asymptotic Sparsity Speculating,1
211,asynchronous,1,Asynchrony,1,at a glance,1
214,at the expense of,2,Atlantic,1,atlantic ocean,1
217,atomic,1,atomics,1,atrous,1
220,attainable,1,attained,1,attaining,1
223,attention,1,Attention Is All You,1,attitude,2
226,attitute,1,attributable,1,attribute,4
229,attribute to,1,attributes,2,audit,1
232,auditing,1,augend,1,august,1
235,aural,1,Aussie,1,australia,1
238,Austria,1,austria,1,Austrilia,1
241,Austrlia,1,authoritarianism,1,auto,1
244,automakers,1,automakes,1,automatic,1
247,automobile,1,AUTOMOTIVE INDUSTRY,1,autonomous,1
250,autonomy,1,autoregressive,1,auxiliary,1
253,avenger,1,avenue,1,aviation,1
256,aviation industry,1,avionics,1,axes,2
259,AXI,1,axiom,1,axis,1
262,axis power,1,axis powers,1,ayaka,1
265,ayato,1,ayaya,1,ayka,1
268,backbone,4,backpack,1,backpropagation,1
271,bacon,1,badge,1,badging,1
274,bait,3,baited,1,balcony,1
277,bald eagle,2,ballot,1,bamboo,2
280,banboo,2,bangkok,1,Bangladesh,1
283,bar graph,1,Barbor,1,Barbour,1
286,barn,1,bars,1,barycenter,1
289,barycentre,1,base,1,basin,1
292,bass,1,batches,1,bate,1
295,bated,1,batit,1,bay,1
298,be attributable to,1,be composed of,1,be decomposed into,1
301,be derived by,1,be supplied as,2,bean,1
304,bean starter,1,bears,2,bears a complexity,1
307,bears fruit,1,beaten,1,beckoned,1
310,bedside to bench,1,Beethoven,2,before our very eyes,1
313,Belgium,1,beloved,1,bench,1
316,benefit from,1,Bengal Empire,2,benifit from,1
319,berate,1,Berlins Drittes Geschlecht,1,berth,1
322,beside,1,better sleep after coming,1,biannual,1
325,biased,1,bicamera,1,bicameralism,1
328,bidirectional asymptotic speculation unit,1,biennial,1,billed,1
331,billed you,1,Binarization,1,bind,1
334,binge,1,binomial,2,biographies,1
337,birth,1,bisect,1,bit-serial aggregation,1
340,bitdistiller,1,Bitrate,1,blackpen,1
343,blacksmith,1,blame,1,blessing,1
346,block-circulant matrix,1,blossom,1,bodyguard,1
349,BOK,1,bologna,1,bomb,1
352,bomber,1,boo,1,Bordeaux,1
355,bother,1,bounce,1,bowls,1
358,boycott,1,brake,1,branch divergence,1
361,break,1,bream,1,breath,1
364,breathe,2,breeze,1,bristle,1
367,bro,1,broadening,1,broken line graph,1
370,bronze,1,Bruce Lee,1,buddy,1
373,buff,1,buildplates,1,built around,1
376,bullet,1,bumble,1,bumps,1
379,bun,1,burden,1,burdens,2
382,burgeon,1,bustling,1,but we show that,1
385,by cirtue of,1,by constrast,1,by contrast,1
388,by virtue of,1,cabin,1,cacophony,1
391,cadii,1,cadis,1,cafeteria,1
394,calculus,1,calibrate,1,Calibrated,1
397,calibrated,1,calibration,2,calla,1
400,callaghy,1,calzone,1,Cambodia,1
403,Cambrian,1,cambrian,1,cambrian period,1
406,Cambricon,2,camera,1,cameralism,1
409,campaign,1,Campus Recruitment Position List,1,can,1
412,canary,1,canary string,1,candidate,3
415,candidate selection,1,candidates,2,cannon,1
418,canonical,1,cantonese,1,canvas,1
421,canvass,1,canyon,1,capable of,1
424,capital,1,capitalism,1,capitalize,1
427,capitalizes,1,Capitol,1,capsule,1
430,Captain America,1,caramel,1,caramel porters,1
433,carnation,1,carnegie,1,carnegie mellon,1
436,Carnegie Mellon University,1,carp,2,carpenter,4
439,casa,1,cascaded,1,cash strapped,2
442,casino,1,casting,1,casual,8
445,casual sex,1,catalog,1,catenary,1
448,cauliflower,3,causal,8,cause,1
451,CCCP,2,CCP,1,centre,1
454,centric,1,centrifugal force,1,centripedal force,1
457,centroid,1,centroids,1,CET-4,1
460,CET-6,1,chaotic,1,charter,1
463,check-up,1,Checks and Balances,1,chedule,1
466,cheetah,2,cherry,1,Cheshire,1
469,chien,2,chill,1,chimpanzee,1
472,chimps,1,chisel,2,chiseled,1
475,chocolate,2,choop,1,chop,1
478,chop woods,1,chord,1,chore,1
481,chores,1,chub,1,ciiterion,1
484,cinatioin,1,cination,1,cinque,1
487,circulant,1,circumcentre,1,circumcircle,2
490,circumference,2,circumstances,1,circumvent,2
493,circumvents,2,cite,1,citerion,1
496,citizen,1,citizenship,1,civil,1
499,civil rights,1,civil war,1,civilization,1
502,classifier,1,clay,1,clenched,1
505,clenched fist,1,climactic,1,climate,1
508,climatic,1,clinic,1,clipped,2
511,clipping,1,CLS,1,co-prime,1
514,coalition,2,coarse,2,coarse granularity,1
517,Coarse-grained,1,coarse-grained,1,coaxial,1
520,coefficient,1,cofactor matrix,1,coherent,3
523,coincidence,1,coincidentally,1,collapse,3
526,collinear,1,Collins,1,colonialism,1
529,column-major,2,combine,1,come and get it,1
532,come by,1,come to the rescue,1,come up with,2
535,commencement,1,commentary,1,commented,1
538,commitment,1,committee,1,commodity,2
541,common men,1,commonalities,1,commonsense,1
544,communism,1,community,1,commutative,1
547,compact,1,comparative,2,comparatively,1
550,comparison,1,comparisons,1,compassion,1
553,compelling,1,compendium,1,compensate,1
556,competing,1,competition,1,competitive,2
559,competitively,2,compilation,1,complain,1
562,complement,1,complementary,3,complementray,1
565,Compliant,1,complicated,2,complicates,1
568,compliment,1,complimentary,3,compose,2
571,composed of,1,composer,1,composite,2
574,composition,1,compostion,1,compound,7
577,Compound,1,Compound Sparsification,1,comprehend,1
580,comprehensioin,1,comprehension,1,comprehensive,2
583,compressing,1,compression,1,comprise,1
586,comprises,4,compromising,1,computation capacity,1
589,computing paradigm,1,computing resource utilization,1,concatenate,2
592,concatenated,1,concave,1,conceal,3
595,concede,1,concent,1,concentrate,1
598,concentrate on,1,concentrated,1,concentrating,1
601,concentrating on,1,concentric,1,concentric circle,1
604,concept,1,concurrency,2,concurrent,3
607,concurrently,2,concyclic,1,condescend,1
610,condescending,1,condescends,1,conduct,1
613,conducted,1,conducted experiments,1,conducting,1
616,cone,2,conference,1,confidence coefficient,1
619,confidence interval,1,Confident Adaptive Language Modeling,1,confidential,1
622,confines,1,confines the devices to,1,confuse,1
625,conglomerate,1,congress,1,congruence,1
628,congruence class,1,congruent,2,conic,1
631,conincidentally,1,conjecture,3,conjugate,3
634,conjugate gradient method,1,conjunction,4,conscience,1
637,conscientious,1,conscious,2,consecutive,2
640,consensus,1,consent,3,consequence,2
643,consequent,1,consequently,3,conservation,1
646,conservative,1,conservatives,1,conserve,1
649,conserved,1,consistent,2,consolidation,2
652,Consolidation,1,consolidatoin,1,consonant,1
655,conspiracy,1,conspiracy theories,3,constent,1
658,constitude,1,constitute,1,constitutes,1
661,constitution,1,constraining,1,construct,1
664,construction,2,constructor,1,constructor and destructor,1
667,consult,1,consultative,1,consumption,1
670,contemporaneously,1,contemporary,3,content,4
673,contest,1,context,3,contextual,2
676,contiguous,2,continent,1,contingent,1
679,contingent upon,1,continuations,1,continuum,1
682,contradiction,2,contradicts,1,Contrary to,1
685,contrastive,1,controversies,1,conventional,1
688,converge,4,convergence,3,convergency,1
691,convergent,1,convergent series,1,converse,1
694,conversely,1,conversion,3,convex,2
697,convexity,1,convincing,1,convolution,1
700,cookies,1,coop,1,Cooperative,1
703,cooperative,1,coordinate,2,coordinated,2
706,coordinates,1,coordination,1,coplanar,1
709,coppersmith,1,Coppersmith–Winograd,1,copy,1
712,copy that,1,CORDIC,1,corherent,1
715,corn,1,cornerstones,1,Corollary,1
718,corp,1,corpus,7,Corpus of Linguistic Acceptability,1
721,correct to,1,correlation,1,correlations,1
724,Corrent,1,correspondence,1,corrptions,1
727,corrputions,1,corruption,2,cosecant,2
730,cosine,1,cosy,6,cosy time,1
733,cotangent,2,cottage,3,cotton,1
736,cotton candy,1,cougar,1,council,2
739,counsel,1,counterpart,1,counters,2
742,coupon,1,coupons,1,coverage,1
745,Covid,1,COVID-19,1,coxae,1
748,cozy,8,cozy time,2,cpc,1
751,crab,2,craftsman,1,cranky,1
754,cream-coloured,2,creamy,1,credit,1
757,crew,1,crewmate,1,criteria,2
760,criterion,1,critical,1,crops,2
763,crow,1,crowdworker,1,crowdworkers,1
766,crucial,10,cruise,1,crusty,1
769,crusty might be a,1,cryptocurrency,2,cube,1
772,Cubic Equation,1,cuboid,2,cue,1
775,cues,1,culprit,1,cult,1
778,cultivate,1,cultivate and harvest a,1,cultivate and harvest a,1
781,cultivating,1,cum,2,cumulate,2
784,cumulative,6,curated,3,curator,1
787,current,1,curry,1,curvature,3
790,curve diagram,1,curves,1,cutscene,1
793,cyberloaf,2,cyberspace,1,cylinder,2
796,daemon,1,daffodil,1,dairy,1
799,dairy products,1,daisies,1,damp,1
802,dandelion,1,Daniel and Florence Guggenheim,1,dasima,1
805,Dassault,1,Dassault Aviation,1,data leakage,1
808,dealerships,1,dearth,1,debates,1
811,debris,1,decagon,1,decathlon,3
814,decay,2,december,1,decent,3
817,decentralization,1,decimal,1,Decimal,1
820,decipt,1,decipting,1,declarative,1
823,decomposed,1,decomposed into,1,decomposes,1
826,decomposition,8,decompositon,1,decompostion,1
829,decorative,1,decorative bowl,1,decorator,1
832,decouple,1,dedicated,6,dedication,1
835,dedignation,1,deed,1,deep down,1
838,defect,1,defence,2,defence date,1
841,deficiency,1,deflate,1,degradation,3
844,deics,1,deliberate,2,delibertate,1
847,delphinium,1,deluxe,1,demands,1
850,demo,1,democracies,1,democracy,2
853,democratic,1,demonstrate,6,demonstrated,3
856,demonstrates,1,demonstration,1,dencent,1
859,denominator,5,Denominator,1,denominator inversion,1
862,denominator summation,1,denouement,1,denouemnet,1
865,dense,3,density,1,depict,2
868,depicted,2,depicting,1,depiction,1
871,deplet,1,deplete,1,depleted,1
874,deprecated,2,deprecation,1,depreciation,1
877,depression,1,dericed,1,derivable,1
880,derivate,2,derivation,1,derivativ,1
883,derivative,2,derive,1,derived,5
886,derived from,1,desent,1,desert,3
889,desirable,1,despite,1,dessert,1
892,detect,1,determinant,1,deterministic,2
895,deterministric,1,determinstic,1,deviation,3
898,device,1,devise,1,dew,1
901,diagnosis,1,diagnostic,1,diagnostic dataset,1
904,diagonal,1,diagrammatic,1,dialect,2
907,dialection,1,dialogue,4,diameter,1
910,dice,1,dichotomy,1,dictation,1
913,dictum,1,diet,1,dietary,1
916,Differential,1,differentiate,1,diffusion,1
919,dig and till soil,2,dilapidated,1,dilatory,1
922,dilibrate,1,dimension,2,dimensionality,1
925,dimensity,1,dio,1,dion,1
928,diphthong,2,diplomacy,1,diplomatic,1
931,diplomatic immunity,1,dir,1,directive,1
934,directories,1,directory,1,disaggregated,1
937,disburse,1,discard,4,disconect,1
940,discontent,1,discontinuity,2,discontinuous,1
943,discord,1,discount,1,discourse,2
946,discreet,1,discrete,3,discriminant,1
949,Discriminative,1,disjoint,1,disjunction,2
952,disobedience,1,disordered,1,dispatcher,1
955,disperse,1,dispersion,1,displacement,1
958,disproportionately,1,disprove,1,disrupting,1
961,disruptive,1,diss,1,dissert,1
964,dissertation,4,Dissertation,1,Dissertator,1
967,distill,1,distillatino,1,distillation,6
970,distiller,2,Distiller,2,distinct,3
973,distributed,1,diverage,1,diverge,2
976,diverged,1,divergence,9,Divergence,1
979,diverse,6,diversity,2,dividend,1
982,divine,1,divisor,1,dodecagon,1
985,domestic,2,dominant,3,Donald Trump,1
988,doubts,1,doupon,1,downside,1
991,downstream,1,Downstream compression,1,DPI,1
994,draft,1,dragon,1,dramati,1
997,dramatic,1,dramatically,2,drastic,1
1000,drastic increase,1,drastic increase in the,1,drastically,3
1003,draw inspiration from,1,drip,1,drones,1
1006,drop-in,2,drop-off location,1,dryad,2
1009,dual,1,duality,1,dubbed,1
1012,duck typing,1,Dunhill,1,dunk,1
1015,duplicate,1,duplication,1,dwellers,1
1018,dynamic binding,1,dynamic programming,1,early termination computation unit,1
1021,earthling,1,eccentricity,1,economic sanctions,3
1024,edics,1,effect,1,efficacy,2
1027,efficiency,1,effortless,1,eigenvalue,2
1030,eigenvector,1,elaborate,1,eland,1
1033,elastic,1,election,1,elementary function,1
1036,elicit,2,elimate,1,eliminate,6
1039,eliminates,2,eliminating,2,elimination,2
1042,Elite,1,ellipse,1,ellipsiod,1
1045,ellipsoid,1,Elon Musk,1,Elon Reeve Musk,1
1048,elongated,2,elongation,1,emarged as,1
1051,embraces,1,emerald,2,emerge,1
1054,emerge as,1,emerge as the primary,1,emerged,2
1057,emerged as,1,emergent,1,emerging,4
1060,EMERGING APPLICATIONS,1,eminent,2,emphasis,1
1063,emphasize,1,empire,1,empirical,5
1066,Empirical,1,empirical experiments,1,emu,1
1069,emulate,2,Emulation,1,encapsulate,1
1072,encapsulated,1,encapsulation,1,enclosed,1
1075,enclosure,1,encompass,4,encounted,1
1078,encounter,2,encountered,2,Endangered,1
1081,endeavors,1,endurance,1,Energon,2
1084,Energon Crystals,1,energy-harvesting,1,engaging,1
1087,enhaced,1,enhanced,1,enhancement,1
1090,enigmas,1,enin,1,enlarge,1
1093,enlongated,1,enormous,1,ensure,1
1096,entail,2,entailment,1,entails,1
1099,entails that,1,enterprise,1,entertain,1
1102,entertain doubots,1,entertain doubts,1,entertaining,1
1105,entertainment,1,ENTJ,1,entropy,1
1108,enumerate,2,enumerating,3,envious,1
1111,envy,2,eodas,1,EOT,2
1114,ephemeral,1,epicycloid,1,epiphany,1
1117,eplision,1,eplison,1,epoch,1
1120,epoxy,1,epsilon,1,equiangular,1
1123,equidistant,1,equilateral,2,equilateral triangle,2
1126,equilibrium,1,equiprobable,1,equivalents,2
1129,equivocation,1,erin,1,erin hunter,1
1132,error allowance,1,error tolerance,1,Ershisi Bridge,1
1135,escalates,1,escape sequence,1,escenter,1
1138,escentre,1,escribed,1,escribed circle,1
1141,establishes,1,estimate,1,estimated,1
1144,estimatin,1,estimatino,1,estimation,3
1147,Estimator,1,estimator,2,Ethereal,1
1150,ethnic origins,1,ethtic,1,ethtics,1
1153,etymology,3,evaluating,1,evaluation,2
1156,evalution,1,even,2,evenly,4
1159,evenly spaced,1,eventual,1,eventually,1
1162,ever-overlooked,1,everoverlooked,2,evicting,1
1165,eviction,2,evolution,2,evolutionary algorithm,1
1168,Evolutionary Machine Learning,1,evolve,1,examier,1
1171,examiner,2,excel,1,excel in,1
1174,excelling,1,excels,1,excels in,1
1177,excenter,1,excentre,2,excerpts,1
1180,excess,1,excessive,1,exclusive,3
1183,exclusively,2,executive,1,Exel,1
1186,exhaustive,1,exhibit,4,Exhibition,1
1189,exhibits,3,exit poll,1,expand,1
1192,expansion,2,expect,2,expectation,2
1195,expenses,1,expertise,1,explicit,5
1198,explicit function,1,explicitl,1,explicitly,2
1201,exploit,7,exploiting,5,exploits,5
1204,Exploration,1,explot,1,exponentially,1
1207,expressiveness,1,expressway,1,extended,1
1210,extraction,1,extraordinaire,1,extraordinary,1
1213,extraordinate,1,extraversion,1,extravert,1
1216,extraverted,1,extremum,1,eyeful,1
1219,eyesore,1,fabirc,1,fabric,3
1222,Fabricated,1,faciend,1,facilate,2
1225,facilation,1,facilitate,6,facilitates,2
1228,facilitating,2,factorial,1,factorization,2
1231,Factorization,1,faculty,1,fade,1
1234,failure,1,fairer,1,falcon,1
1237,fallacy,1,falsehood,1,fang,2
1240,fare,1,farther,1,fascism,1
1243,fashion,1,fast aggregation,1,fast-aggregation,2
1246,Fate Symphony,1,father,1,fatuous,1
1249,feasible region,1,feat,1,february,1
1252,federal,1,federalism,1,federate,1
1255,federated,1,feeling,1,feint,1
1258,felis,1,fellow,1,feminine,1
1261,femur,1,Ferring,1,fertilizer,1
1264,fertilizers,1,fetch,1,fiasco,1
1267,fiber,1,fiberglass,1,fiction,1
1270,field snack,1,fierce,1,financial,1
1273,finding,1,fine,1,fine granularity,1
1276,Fine-frained,1,Fine-grained,1,fine-grained,1
1279,fine-grained granularity,1,fine-granular,1,finland,1
1282,fire quartz,1,firefang,2,first date,1
1285,flabbergasted,2,flattened,1,flattented,1
1288,flaunt,1,Flok,1,flounder,1
1291,flout,1,fluctuate,1,fluffy,2
1294,fluoroquinolone,1,fly off,1,Flyco,1
1297,folk,1,folks,1,follow,1
1300,footprint,1,For convenience^,1,for the sake of,3
1303,for there fellow man,1,forage,2,foraging,4
1306,forbear,1,foreword,1,forgo,1
1309,forklift,1,formidable,4,formidable drive,1
1312,formulation,3,forward,1,founder,1
1315,Fraction,1,fragile,1,fragment,1
1318,fragmentary,1,fragments,1,free lunch,1
1321,free up,1,freestanding,1,freestyle,1
1324,Fregean,1,fregean compositionality,1,fresh produce,1
1327,fricative,1,friction,2,friday,1
1330,Friend with benefit,1,fries,1,frisk,1
1333,from scratch,2,from the ground up,1,frontier,1
1336,frustrating,1,fulcrum,1,fulfill,2
1339,fulfillment,1,full capacity,1,fully-depleted,2
1342,fundamental theorem of algebra,1,fundamental theorem of calculus,1,fur,1
1345,further,1,Furthermore,1,fuse,1
1348,gacha,1,gadgets,1,GAN,1
1351,garbled,1,gauged,1,gaussian,1
1354,gaussian splatting,1,gazelle,1,general practice,1
1357,Generalized,1,generous,1,genetic,1
1360,genetic algorithms,1,genetic element,1,Geng,1
1363,geode,2,geometric mean,1,geometric sequence,1
1366,geopolitics,1,gerry,1,gerrymandering,1
1369,Gestapo,1,get attached to,1,getter and setter,1
1372,getting cooler with each,1,gibe,1,gigantic,1
1375,giggity guggity goo,1,giraffe,1,girlfriend,1
1378,glacier,1,glance,1,glass,2
1381,glitches,1,global optimum,1,global optium,1
1384,glock,1,glory,1,Gloss,1
1387,glove box,1,gluteus,1,GMAT,1
1390,go figure out,1,goblins,1,godness,1
1393,Godzilla,1,golden days,1,goodness,1
1396,goose,1,gorgeous,1,gorilla,1
1399,gorvement,1,goubts,1,goverment,1
1402,government,1,governor,1,GPU,1
1405,gradient,1,gradient descent,1,gradients,1
1408,Gradual magnitude pruning,1,gradually,1,graffiti,1
1411,grande,1,grandmas,1,granny,1
1414,granted,1,granularity,5,Granularity,2
1417,grass,3,grassroots,1,GRE,1
1420,greek,1,Greek myth,1,green algae,1
1423,greenfield,1,greeted,1,greetings,1
1426,grid occupancy,1,grip on,1,gross,1
1429,Grossglockner,1,gruel,2,Gryffindor Ravenclaw Hufflepuff Slytherin,1
1432,guaranteed,1,guarantees,1,guild,1
1435,gulf,1,Gunther,1,Gursky,1
1438,gut,1,gutted,1,gypsophila,1
1441,gyrfalcon,3,half angle formula,1,halve,1
1444,halves,2,handful,1,handle,1
1447,handover,1,hangs,1,hardness,1
1450,hardness parameter,1,hare,1,harmless,1
1453,harmlessness,1,harmonic mean,1,harmonic motion,1
1456,harmonic oscillator,1,harmonic progression,1,harnessing,1
1459,Harry Potter,1,harvest,1,harvesting,1
1462,Harvey,2,has to be built,1,haul,1
1465,have emerged as,4,hay,1,HBM,1
1468,headquartered,1,heal,1,heat up,1
1471,heel,1,hegemony,1,heliotrope,3
1474,helix,1,hello,4,hello world,1
1477,hello world!,1,hemisphere,1,HENS,1
1480,heptagon,1,HERMES,1,Hermione Granger,1
1483,Herpailurus,1,herring,2,Hessian Spectrum,1
1486,heterogeneous,4,Heterogeneous Integration,1,heterosexual,1
1489,heuristic,2,hexadecimal,1,hexagon,2
1492,HIMARS,1,hinder,1,hint,1
1495,histogram,2,historic,1,hitter,1
1498,hoe,1,Hogwarts,3,Hogwarts School of Witchcraft,2
1501,hoi polloi,1,holistic,1,homochronous,1
1504,homogeneous,1,homologous,1,honey,1
1507,honey select,1,honorificabilitudinitatibus,1,Hopfield,1
1510,horn,1,horny,1,horseradish,1
1513,hounding,1,house chores,1,HPCG,1
1516,HS2,1,hsue-shen,1,Hsue-shen Tsien,3
1519,Hsue-Shen Tsien,2,HSUE-SHEN TSIEN,1,human rights,1
1522,humiliate,1,hunter,1,hurdle,1
1525,hydra,1,hydrangeas,1,hyf,1
1528,hyft,1,hyperbola,1,hypersonic,1
1531,hyperspectral,1,hypervisor,1,hypocycloid,1
1534,hypotenuse,1,hypothesis,5,hypothesize,1
1537,hypothetical,2,hytf,1,I cant match those,1
1540,I have enclosed the,2,I love you^ honey,1,I will see you,1
1543,I would be selling,1,I'm still tryin' to,1,i.e.,1
1546,ICARUS,1,iceland,1,iconic,1
1549,iconoclast,1,ideal,1,identical,5
1552,identically,2,identicaly,2,identicla,1
1555,identify,1,identity,1,identity law,1
1558,idiosyncracy,1,idiosyncrasy,1,IEE,1
1561,IEEE,1,IELTS,1,illicit,2
1564,illinois,1,illusiion,1,illusion,5
1567,illustion,1,illustration,4,imaginary number,2
1570,imitation,2,immigrant,1,imminent,2
1573,immunity,1,immutable,1,impact,1
1576,impactful,1,impeach,1,impeachment,1
1579,imperceptible,1,imperial,2,imperialism,2
1582,imperious,2,imperviouos,1,impervious,1
1585,impilicit,1,implication,3,implications,1
1588,implicit,4,implicitly,1,imply,1
1591,imposter,1,impulse,1,impulsive,1
1594,in conjuction with,1,in conjunction with,1,in contrast with,1
1597,in dire need of,1,in practice,1,In practice^ however^ the,1
1600,in presence of,1,In spirit with,2,in terms of,2
1603,in terms of race,1,in the context of,2,in the realm of,4
1606,In the realm of,1,in this context,1,in turn,1
1609,in-sync,1,inability,1,inaccessable,1
1612,inaccuracies,1,inadequate,1,incandescent,1
1615,incenter,1,incentive,1,incentre,2
1618,Inception,1,Inception Network,1,incident,1
1621,incircle,1,incisive,3,incisive intellect,1
1624,incite,1,inclination,2,inclusion,2
1627,inclusion policies,2,inclusive,2,inconsistent,1
1630,incorporates,1,incremental,1,incumbent,1
1633,incur,3,incure,1,incurs,2
1636,indenpendent,1,indentation,1,indentical,1
1639,independent,1,inderior,1,index,1
1642,indian,1,indicate,1,indicated,1
1645,indicating,1,indicator,1,indices,1
1648,individual,3,individual threads,1,induce,1
1651,inductive,1,ineffable,1,ineffably,1
1654,inefficacy,1,inelastic,1,Inequalities,1
1657,inertia,1,infeasible,2,infer,2
1660,inference,1,inferential,1,inferior,1
1663,Infinigence,1,infinitesimal,1,infinity,1
1666,inflate,1,inflection,2,inflexion,1
1669,influence,1,influential,1,Information Capacity,1
1672,infra,1,Infra,1,infrared,1
1675,infrastructure,3,infringements,1,ingot,1
1678,inherent,1,inherently,1,inheritance,1
1681,inherited,1,injected,1,injection,1
1684,injective,1,innermost,1,innocuousness,1
1687,innovative,1,innumerable,1,insane,1
1690,inscribed,1,inscribed circle,1,insisted on,1
1693,inspect,1,inspiration,1,inspire,1
1696,instability,1,instant,1,instant kill,1
1699,instantaneous,2,instincts,1,institutional,1
1702,insulator,1,insult,1,insultingly,1
1705,insure,2,intefere,1,integerized,1
1708,integrable,1,integral,3,integrity,1
1711,Intel,2,intellect,3,intellection,2
1714,intensified,1,intensities,1,intensive,3
1717,interaction,2,intercept,1,intercourse,1
1720,interdependencies,1,interdisciplinary,1,interface with,1
1723,interior,2,Interleaved,1,interleaving,3
1726,interleaving method,1,interlude,1,intermediary,1
1729,intermediate,1,Internally,1,interoperability,1
1732,interplay,1,interposer,1,interpreat,1
1735,interpret,1,interprt,1,intersection,3
1738,intervention,1,intervert,1,interverted,1
1741,INTP,1,intractable,1,intrinsic,2
1744,intrinsics,1,introversion,1,introvert,1
1747,introverted,1,intuition,3,intuitive,1
1750,intuitively,2,invade,1,invalidate,1
1753,invariance,1,invariant,2,invasion,1
1756,inventre,1,inverse,2,inversino,1
1759,inversion,1,inverstigate,1,invertible,1
1762,investigate,2,investment,1,invoke,1
1765,involve,1,involved,1,involvement,2
1768,involves,1,IPA,1,irak,1
1771,Iris,1,iron man,1,Iron Man,1
1774,irrational number,1,irregularly,1,irrelevant,2
1777,isolates,1,isomorphism,1,isosceles,1
1780,isosceles triangle,2,it confuses me how,1,it could be,1
1783,IT departments,1,iterative,1,j january,1
1786,jade,1,jamborite,1,january,1
1789,Jax,1,jazz,1,jelly,1
1792,jen-hsun huang,1,Jensen,1,Jensen Huang,1
1795,jensen huang,1,jet propulsion,1,jewels,2
1798,jibe,1,Joan of Arc,1,Joe Biden,1
1801,joint ventures,1,Joja customer satisfaction representative,1,joyous,1
1804,jubatus,1,judging,1,Judicial Review,1
1807,judiciary,1,july,1,june,1
1810,jux,1,juxtaposition,2,kabele,1
1813,Kabyle,1,kaggle,1,kaiserreich,2
1816,kale,3,karaok,1,karaoke,1
1819,kernel-based virtual machines,2,kick off,1,kill,1
1822,kinetic,1,Knowledge Distillation,1,Koenker,1
1825,Kolmogorov,1,Kolon,2,Kotel,1
1828,kungfu,1,kurtosis,1,KVM,1
1831,lack of novelty and,1,lacks explicit spatial priors,1,Lagrange,1
1834,laid out,1,lance,1,landmark,1
1837,landscape,2,laoding,1,Laplace,1
1840,lassi,1,latent,1,latent root,1
1843,lateral,2,latitude,1,latter,1
1846,latus,1,latus rectum,1,leach,1
1849,Leah,1,leak,1,leashing,1
1852,leather bomber jacket,1,lecture,1,leech,1
1855,leek,1,legacy,2,legislatino,1
1858,legislation,2,legit,1,lehigh,1
1861,lehigh university,1,lemma,1,leopard,1
1864,leprechauns,1,let grandpa rest,1,leverage,2
1867,leveraged,1,lexical,4,lexical entailment,1
1870,Lexical Semantics,1,LGBT,1,LGBTQ,1
1873,License Plate,1,likelihood,1,lily,1
1876,limpid,1,linear algebra,1,Linear Equation,1
1879,linear projection,1,linguistics,4,linpacck,1
1882,Linus,1,liquor,2,Lisa Su,1
1885,literature,1,livestock,1,lobby,1
1888,local carpenter,1,local optimum,1,loci,2
1891,locus,1,logarithm,1,logistic,1
1894,logistics,1,longitude,1,lookers,1
1897,looking inward,1,looks into it,1,loose,1
1900,loral,1,loratadine,1,loreal,1
1903,loss curvature,1,Lotter,1,lottery,1
1906,lottery ticket,1,Love can touch us,1,lovely,1
1909,loyal,1,LSTM,1,Ludwig,1
1912,Ludwig van Beethoven,1,luft,1,luftwaffe,1
1915,lugubrious,1,lugubriousness,1,lynx,1
1918,maar,1,mackler,1,Magnetospheric,1
1921,magnitude,2,mahjong,1,maize,1
1924,make my nose drip,1,make off,1,malformation,1
1927,mandarin,1,mandatory,1,mandering,1
1930,maneuver,1,manipulate,1,manipulation,1
1933,Mao Zedong,1,march,2,March,1
1936,marchia austriaca,1,marginal,1,Marginally,1
1939,Marnie,1,masculine,1,Massachusetts,2
1942,material,1,materialization,1,matrix inversion,1
1945,mature,1,maxima,1,may,2
1948,May,1,mayer,1,mayonnaise,1
1951,Mayor Lewis,1,Mayt,1,MBTI,3
1954,mean squared error,1,meat counter,1,mechanics,1
1957,mechanicus,1,MED,1,medal,1
1960,medbay,1,meddle,1,medius,1
1963,medley,1,melancholy,1,mellifluous,1
1966,mellifluousness,1,mellon,1,melody,1
1969,mensuration,1,merger talks,1,metadata,1
1972,metal,1,meter,1,methionyl,1
1975,metre,1,Microsoft Research Paraphrase Corpus,1,might,1
1978,MIGHTY DRAGON,1,Migratory,1,milestone,1
1981,mill,1,milled,1,mimic,1
1984,mind blowing,1,Minecraft,1,mineral,1
1987,minerals,1,mingw64,1,miniaturize,1
1990,minima,1,minuend,2,mistral,1
1993,MIT,1,mitigate,2,mitigated,1
1996,mitigating,1,mitigation,2,Mitsubishi,1
1999,mixture,1,Mizuno,1,MLP,2
2002,mnemonic,2,mobility,1,mocratic,1
2005,modalities,2,model stitching,1,moderate,2
2008,Modular,1,modulate,1,modulo,1
2011,modulus,1,moger,1,moist,1
2014,mojibake,1,molding,1,molecule,1
2017,momentum,1,monarchy,1,monday,1
2020,monger,1,mongering,1,Mongolia,1
2023,moniker,1,monolithic,4,Monolithic,1
2026,monomial,1,monotone,1,monotonic decreasing,1
2029,monotonic increasing,1,monotonicity,1,moral,1
2032,moratorium,1,morphology,1,mortal,2
2035,motif,1,muddling,1,mulling,1
2038,multi-genre,1,Multi-Genre Natural Language Inference,1,multi-layer perceptron,1
2041,multi-tenant,1,multilateralism,1,multilayer perceptron,1
2044,multinomial,1,multiple batches of threads,1,multiple modalities,1
2047,multiplicand,3,multiplicator,1,multiplicity,1
2050,multiplier,1,mulually,1,museum,1
2053,mussel,1,mustache,1,mutual,1
2056,mutually exclusive events,1,mutually independent,1,my pride and joy,1
2059,Myers-Briggs Type Indicator,1,myth,1,mythology,1
2062,naive,2,naive assumption,1,nap,1
2065,narrative,2,nasal,1,naval,2
2068,navel,1,navy,1,nebula,1
2071,nebulous,1,nebulousness,1,necessitate,1
2074,necessitates,1,necessitats,1,neglect,1
2077,neglected,1,neglects,1,negligible,4
2080,negotiations,1,neighborhood,1,nemo,1
2083,neptune,1,neptunium,1,nested,1
2086,nether,1,netherland,1,Neue Klasse model,1
2089,neural,1,Neural Radiance Fields,1,Neural Radiation Field Rendering,1
2092,neuroscience,1,Nevertheless,1,NGO,1
2095,NIC,1,nickel,2,nigger,1
2098,nightly rounds,1,nil,1,noir,1
2101,noisy,1,nomenclature,1,non-contiguous,1
2104,non-convex,2,non-negligible,2,non-trival,1
2107,non-trivial,2,nonpartisan,1,nontrival,1
2110,nontrivial,1,nonviolate,1,nonvolate,1
2113,nonvolatile,1,normal distribution,1,northland,9
2116,norway,1,nostalgic,1,notation,2
2119,november,1,novermber,1,novice,1
2122,numerator,3,Numerator,1,nun,1
2125,NVIDIA,2,obedience,1,obfuscate,1
2128,obfuscation,1,objectionable,1,objective function,1
2131,oblique,1,obliquity,1,observe,1
2134,obsidian,1,obstacles,1,obtain,1
2137,obtaining,1,obtuse angle,2,occasionally,2
2140,occupancy,2,occur,1,octagon,1
2143,octant,1,october,1,octree,1
2146,odd,2,oddly,2,ode,1
2149,Oder,1,Odyssey,1,off the rails,1
2152,offensive,1,offset,1,oligarchy,1
2155,omg,1,omitted,2,ommitted,1
2158,omni,1,Omnidirectionally,1,on behalf of,1
2161,on par,2,on the fly,3,on-the-fly,1
2164,one epoch,1,only a master of,1,OOP,1
2167,oppo,1,opt,1,optimal,1
2170,optimum,1,oracle,1,oral,1
2173,orangoutang,1,orangutan,1,orchestra,1
2176,orchestrating,2,orchestration,1,order,1
2179,order-of-magnitude,1,orderof-magnitude,1,ordinary,1
2182,ordinate,5,ore,1,organ,1
2185,organic,1,orient,3,oriental,1
2188,orientated,1,orientations,1,oriented,4
2191,origin,1,originality,1,orin,1
2194,orlen,1,orthocenter,1,orthocentre,2
2197,orthogonal,5,orthogonality,1,orthography,1
2200,oscillation,2,Ostarrîchi,1,Otocolobus,1
2203,outfit,1,outgoing requests,1,outline,1
2206,outrun,1,outstrips,2,Over-Parameterized,1
2209,over-smoothing,1,over-squashing,1,overgrown,2
2212,overlap,1,overlapped,1,overlapping,2
2215,overlooking,1,owing to,1,oyster,1
2218,pacman,1,Pagani,1,Pagani Zonda,1
2221,pairwise,1,pale,2,palindrome,1
2224,pallid,1,pandemic,1,panzee,1
2227,paper,1,pappy,1,parabola,1
2230,paraboloid,1,paradigm,4,paradigms,1
2233,paradise,1,paradox,1,paragraph,1
2236,parallelepiped,1,parallelogram,3,parametric,1
2239,parametric equation,1,parametrization,1,paramount,1
2242,Paramount Pictures^ Inc.,1,paraphrase,1,Paraphrase,1
2245,Pareto,3,pareto optimal,1,parity,1
2248,parliament,1,parquet,1,parse,1
2251,parship,1,parsnip,4,partial,2
2254,partial differential equation,1,partial sums,1,particle,2
2257,particle swarm optimization,1,partisan,1,passage,1
2260,pastoral,1,patch,2,patch merging,1
2263,patches,1,patchwork,1,pathetic military,1
2266,patient,1,patrol,1,patronus,1
2269,pattern,2,paves the way,1,PC,1
2272,PDE,2,peacekeeping,1,peal,1
2275,peculiar,2,peculiarites,1,peculiarities,1
2278,pedal,2,peel,1,peer,1
2281,peering down,1,Peiping,1,pelican,3
2284,Pelican Town,2,pelvic,1,pelvic obliquity,1
2287,pendu,1,pendulum,2,peninsula,1
2290,penny,2,pentagon,2,perceived,1
2293,perceiving,1,percentile,1,perceptron,2
2296,perceptrons,1,perch,1,peregrine,1
2299,perform on par,1,performant,1,performantly,2
2302,performent,1,perigon,1,perimeter,2
2305,periodic,1,periodicity,1,peripheral,1
2308,periphral,1,permanent,1,permissive,1
2311,permitted,1,permutation,5,permutation and combination,1
2314,permutations,1,permute,1,permuted,2
2317,pernicious,1,perniciousness,1,perpendicular,2
2320,perplexity,4,PERPLEXITY,1,persistently,1
2323,pertinent,2,pertubation,1,perturb,1
2326,perturbation,1,pervasive,1,pervasively,2
2329,petal,2,petitino,1,petition,1
2332,PFF,1,pfff,1,pharmaceutical,1
2335,phoneme,1,phonetic,2,Phonetic Alphabet,1
2338,phonetics,1,phonology,1,photography,1
2341,photonic,1,phylogeny,1,pick-up point,1
2344,pickle,1,pie diagram,1,Pierre got you covered,1
2347,pillow,2,pillow friend,1,pinpoint,1
2350,pique,1,pivot,2,PLA,1
2353,plain,1,plane,1,plastic,1
2356,plateau,2,Platform,1,platform,1
2359,Platinum,1,Platon,1,PLATON,1
2362,platonic,1,Plausible,1,plaza,1
2365,Please pass the good,1,Please pass the good,1,plethora,1
2368,plosive,1,plug into,1,plum,1
2371,plunge into,2,pluto,1,plutonium,1
2374,pneumonoultramicroscopicsilicovolcanoconiosis,1,point^ line^ plane and,1,Pointwise,1
2377,Poland,1,polar axis,1,polar coordinate,1
2380,pole,2,poll,2,polloi,1
2383,pollutant,1,pollution,1,polyhedron,2
2386,polymorphism,1,polynomial,1,ponderant,1
2389,pooch,1,pookat,1,population,1
2392,pore,1,portal,2,Porters,1
2395,portfolio,1,portion,2,portions,1
2398,positif,1,Position,1,possess,2
2401,possesses,1,postulate,1,potentially,1
2404,potpourri,1,POTS,1,pour,1
2407,practical applications,1,pragmatic,1,pragmatics,4
2410,PRC,1,preceptron,1,precision,1
2413,preclinical,1,precludes,1,predecessor,1
2416,predict,1,predictive,1,predicts,1
2419,predominant,1,preferable,1,prefix,1
2422,preimage,1,preliminaries,2,PRELIMINARIES,1
2425,preliminary,2,premature,2,premature death,1
2428,prematurely,1,premier,2,premutation,1
2431,preponderant,1,presence,1,present,1
2434,preserve,2,preserved,1,presumed,1
2437,prevalent,1,prevent,1,primarily,2
2440,primary,1,prime number,1,primitive,1
2443,primitives,1,principal value,1,principle,1
2446,Prionailurus,1,prior,3,prioritize,1
2449,prioritized,1,priors,1,prism,3
2452,prismoid,1,probable,1,procrastination,1
2455,prodigious,1,production grade GPUs,1,production-grade,1
2458,proficiency,1,profit,1,progency,1
2461,progeny,1,progression,1,progressive,3
2464,prohibit,1,prohibitively,1,prohibitively expensive,1
2467,prohibits,1,projected,1,projectile,1
2470,projection,4,projection space,1,promote,1
2473,promotion,1,prompt,2,promptly,1
2476,pronoun,1,pronounce,1,pronounced,1
2479,prophet,1,proport,1,proportion,2
2482,proportional,1,proportionate,1,proposal,3
2485,proposals,1,proposition,2,propositional calculus,1
2488,propositional inference,1,propotion,1,proprietary,1
2491,propulsion,1,pros and cons,1,prospect,1
2494,protein,1,protein titin,1,protest,1
2497,protest march,1,prototyping platform,1,protractor,1
2500,prune,1,pruning,1,pseudo,1
2503,Pseudopseudohypoparathyroidism,1,pseudorandom,1,PSHUF,1
2506,psycholinguistics,1,pulley,1,pulp,3
2509,puma,1,pumpkin,1,puppet,1
2512,purges,1,purse,1,pursed her lips,1
2515,pursued,1,pyramid,1,pyramidal,1
2518,Pythagorean theorem,1,QIAN,1,quadrant,1
2521,Quadratic Equation,1,quadrature,1,quadrilateral,1
2524,quadtree,1,quagmire,2,quantile,1
2527,quantitative biology,1,quantum,1,quarterback,1
2530,Quartic Equation,1,quartile,1,quasi,2
2533,Quasi Monte Carlo,1,Quasi Mote Caro,1,quasi-Newton method,1
2536,quest,1,quine,1,Quintic Equation,1
2539,quotient,3,radial,1,radian,1
2542,radiance,1,radical,1,radii,1
2545,radio,1,radioactive,1,radius,1
2548,rally,1,ranch,1,rancher,2
2551,rapid,1,rare,1,rarefied,1
2554,Raspad,1,Raspad SSSR,1,ratio,2
2557,ratiocination,1,rational number,1,rationale,2
2560,raze,1,reactor,1,read,1
2563,readily,2,ready,1,realm,1
2566,rearrangement,1,recall,1,recall election,1
2569,receptive,2,recessive,1,recipe,2
2572,Recipients,1,reciprocal,1,Recognizing Textual Entailment,1
2575,recoil,1,reconcile,1,Recruitment,1
2578,Recruitment Position List,1,rectangle,1,rectangular,1
2581,rectifiable,1,rectum,1,recurrent,3
2584,recursion,1,Recursive,1,recursive,1
2587,redpen,1,reducibility,1,reducible,1
2590,reductio ad absurdum,1,Redundancy,1,refactor,1
2593,referendum,2,refill,1,reflect,1
2596,reflecting,1,reflex angle,1,reflexive,2
2599,reform,1,refund,1,regarded as,1
2602,regardless,1,regime,2,regimes,1
2605,Register swizzling,1,regress,1,regression,1
2608,regular check-ups,1,regularities,1,regularization,1
2611,regulation,1,regulatory,1,regulatory tax,1
2614,rehearse,1,reinforcement,1,reinforcement learning,1
2617,Reinforcement Learning,1,reinterpret,1,reinterpreting,1
2620,relay,4,relay on,1,relay responses,1
2623,relayed,1,relevance,1,relics,1
2626,religious,1,relishing,1,rely,1
2629,rely on,1,remainder,2,Remarkably,1
2632,remedy,1,remilitarizing,1,reminiscent,1
2635,renaissance,3,Renaissance,1,render synthetic data,1
2638,rententive,1,reorder,1,replicate,1
2641,replicated,2,replication,1,representation,1
2644,representational,1,Representational Convergence,1,represented by,1
2647,reservation,1,reserve,1,reside on,1
2650,residence,1,resident,1,residing,1
2653,residuum,1,resiliency,1,resolution,2
2656,resolve,2,resolving,2,resort to,1
2659,restricte,1,restricted,2,restrictions,1
2662,restricts,2,restructure,1,resultant,1
2665,retain,1,retaining,1,retains,3
2668,retard,1,retardation,1,retensive,1
2671,retentive,2,retreat,1,retrieval,5
2674,retrieval augmented generatioin,1,retrieval augmented generation,1,retrieve,2
2677,retrieved,2,retrieving,2,retrival,2
2680,retrivial,1,reveal,2,reveals that,1
2683,revenue,1,reverse,1,revert to,1
2686,revolution,2,revolutionary,1,revolutionized,1
2689,revolutionizing,1,rewarding work,1,Rhine,1
2692,rhomb,1,rhombus,2,rice gruel,1
2695,rickety,1,rifle,1,right angle,1
2698,right triangle,1,rigorous,1,rigotous,1
2701,ripe,1,Rita Skeeter,1,river jelly,1
2704,RNN,1,roadmap,3,roadrunner,1
2707,roast,1,roast me,1,Roberta,1
2710,robust,1,robustness,1,roe,1
2713,romantic,1,romantika,1,Ron Weasley,1
2716,rose,1,roselite,1,round angle,1
2719,round-robin,1,routine,1,row-major,1
2722,Rowling,1,royalty,1,RPC,1
2725,rstack,1,rube,1,ruby,1
2728,rustic,1,rusty,1,s,1
2731,sa,1,sacred,1,saddle point,1
2734,sadomasochism,1,sailency,1,sailing,1
2737,saintess,1,salience,1,saliency,6
2740,saliency metrics,1,saliency^,1,salmon,1
2743,salmonberry,1,saloon,1,salute,1
2746,sampler,1,sampling,1,San Francisco^ CA,1
2749,sanctions,1,sane,1,sanitization,1
2752,sap,1,sapphire,2,sapphire rapid,1
2755,Sapphire Rapids,1,sapphire rapids,1,sardine,2
2758,satellite,1,saturday,1,sbustance,1
2761,sbustantial,1,scalable,2,scalar,1
2764,scalene,1,scalene triangle,1,scarecrow,1
2767,scaremongering,1,scatter,1,scattered,2
2770,scene reconstruction,1,schedule,1,schema,2
2773,schmaltz,1,scint,1,scintillation,1
2776,scion,1,scissors,1,scoreboard,1
2779,scratch,3,scripture,1,scroll,1
2782,scythe,4,sea,1,sealed,1
2785,seamless,3,seamlessly,1,seasoned,1
2788,seaweed,1,secant,2,sector,1
2791,Security Council,1,security vulnerability,1,seed packet,1
2794,seek,2,segment,1,self-distillation,1
2797,self-explanatory,1,semantic,1,Semantic Textual Similarity Benchmark,1
2800,semantical,1,semantics,4,semi-structured,1
2803,seminar,1,semivowel,1,senmatic,1
2806,sensing,1,sentiment,6,sentiment analysis,1
2809,Sep,1,Separable,1,Separation of Powers,1
2812,separator,1,september,1,Serbia,2
2815,serene,1,serves as,1,serving,1
2818,sever,1,Severus Snape,1,sewer,1
2821,sexually aroused,1,shallow,1,shameful,1
2824,shard,2,shared ride,2,sharp,1
2827,sheared,1,shed,1,shed light,1
2830,shelf,1,shepherd,1,sherlock,1
2833,shirnk,1,shiver,1,shove,1
2836,showcase,1,shower,1,shrimp,1
2839,shrink,2,shuffle,2,sight,1
2842,signum,1,silicon-on-insulator,2,silo,1
2845,simplicity,1,simulated annealing,1,simulated anneling,1
2848,simultaneous,4,Simultaneous,1,simultaneously,8
2851,singular quantization,1,singular values,1,Sirius Black,1
2854,site,1,skyrocketing,1,Slackware,1
2857,sled dog,1,sliding,1,slim,1
2860,slimy,1,slippery,1,slipping,1
2863,slump,1,smallmouth,1,smart,1
2866,smelt,1,smelt metal bars,1,smoke test,1
2869,smoking something,1,smuggling,1,snack,2
2872,snacking,1,snacks,1,snake,1
2875,snap,1,Snapdragon,1,sniper,1
2878,sniper rifle,1,snippet,1,snout,1
2881,soc,1,social construct,1,socialism,1
2884,sociolinguistics,1,solely,1,something casual,1
2887,Sometimes^ you get to,1,sonic,1,sophisticated,3
2890,sore,2,sosy,1,southern coast,1
2893,sovereign,3,sovereign country,1,sovereign state,1
2896,sovereignty,1,soviet,1,sow a crop,1
2899,SP,1,Spain,1,span,2
2902,spark,1,spark a plethora of,1,sparked,1
2905,sparse,1,sparseness,1,sparsification,1
2908,spatal,1,spatial,4,spatial decay matrix,1
2911,spatial domain,1,spatial input reuse,1,spatial modeling,1
2914,special dietary needs,1,specter,1,spectral,1
2917,spectre,1,spectrum,5,Spectrum,1
2920,speculatin,1,Speculating,1,speculation,4
2923,Speculative,1,speculative,2,sphere,1
2926,spheroid,1,spilling,2,spin,1
2929,spiral,1,splatting,2,split,2
2932,spread,1,spree,1,spring,1
2935,springbok,1,sprinkler,1,sprinting,1
2938,spurred,1,squad,3,square,1
2941,square pyramid,1,squas,1,squash,1
2944,squashing,1,SSSS,1,St,1
2947,St Petersburg,1,staellite,1,stake,1
2950,stamp,1,standard deviation,2,Stanford Sentiment Treebank,1
2953,stardew,1,Stardew Valley,2,stark,1
2956,starstruck,1,starsturck,1,starter,1
2959,state subject,1,state-society,1,Static,1
2962,Statically,1,stationary,2,stationery,1
2965,stay foolish to stay,1,steadfast determination,1,stealth,1
2968,stealth fighter,2,steamed bun,1,steeper,1
2971,stimulate,2,stimulus,1,stir,1
2974,stir fries,2,stitching,1,stochastic,1
2977,stochastic gradient descent,1,stock,1,straight angle,1
2980,Straight-Through Estimator,1,strait,1,strapped,1
2983,strategic,1,strategically,1,strawberry,1
2986,stray,1,streaks,1,streamlining,1
2989,stretch,1,strip,1,strive,1
2992,strive to,1,struck,1,stump,2
2995,sturdy,1,stylish,1,SU,1
2998,sub-optimal,1,submarine,1,suboptimal,1
3001,subordinate,3,subsequent,2,subsequently,2
3004,subsidiary,1,substance,1,substant,1
3007,substantial,7,substantially,3,substantiate,1
3010,substantive,2,substitute,3,substitution,2
3013,substrate,1,subtangent,1,subtraction,1
3016,subtrahend,1,successful,1,successive,1
3019,sufficiency,1,sufficient and necessary condition,1,suffix,1
3022,suffrage,1,suite,1,summand,1
3025,summit,2,sun yat-sen,3,Sun Yat-Sen,1
3028,sunday,1,sunflower,1,superaerodynamics,1
3031,supercalifragilisticexpialidocious,1,supercharged,1,superficial,1
3034,superior,3,superior to,1,superlinear,1
3037,supervision,1,supplementary,2,supplied,1
3040,supplies,1,supporting a spectrum of,1,Surds,1
3043,surface,1,surface-level,1,surgeon,2
3046,surjection,1,surjective,1,surpass,1
3049,surpasses,1,surpassing,1,surplus,1
3052,sustain,2,SVD,1,swallow,1
3055,swamp,1,swarm,1,sweden,1
3058,swift,1,swing,1,swing by,2
3061,switzerland,2,Switzerland,1,swizz,1
3064,swizzing,1,swizzle,2,swizzling,2
3067,swizzling methods,1,swot,1,sycophant,1
3070,syllogism,1,symbolic,2,symmetriaztion,1
3073,symmetrical,1,symmetrization,1,symphony,1
3076,Symphony No. 5 in,1,Symposia,1,symposium,1
3079,synchronal,1,synchronous,1,synchronously,1
3082,synergies,1,synergy,1,synovitis,1
3085,syntax,1,synthetic,2,Systematic,2
3088,systematic,1,systematically,1,Tabel for two,1
3091,Table for two,1,tabulation,1,tackle,2
3094,tactic,1,tactical,1,tagonist,1
3097,tailored,4,tailored for,1,tailored to,1
3100,takeaway,1,talent,1,tangibility,1
3103,tangy,1,tariffs,1,Task-agnostic,1
3106,tattoo,1,tautology,1,tawny,1
3109,tax eva,1,taxonomy,5,TBL,1
3112,TCM promotion,1,tear down,1,TEM4,1
3115,TEM8,1,temperate,1,temporal,3
3118,tenant,1,tenants,1,tenary,1
3121,tent,1,term,1,terminology,1
3124,ternarization,2,ternary,1,tesselation,1
3127,tetrahedron,3,tetris,1,textual,1
3130,texture,1,texure sampling,2,that is one way,1
3133,the advent of,1,the burden of,1,the burden of modern,1
3136,the concept entails that,1,the landscape of,3,the old idea of,1
3139,the presence of,1,theatre,1,thence,1
3142,Theodore von Karman,1,theorem,1,theoretic,1
3145,theoretical,1,thermal,1,thinking,1
3148,three-way,1,three-way tie-up,1,threshold,1
3151,thriller,1,thrive,1,throne,1
3154,throttle,2,thrust,1,thursday,1
3157,thwarting,2,tide,1,tidying,1
3160,tidying things up for,2,tie-up,1,tiers,1
3163,tight,1,till,2,till soil,1
3166,tilled soil,1,timeline,1,timetable,1
3169,tin,1,tite,1,titin,1
3172,TOEFL,1,tokenized,1,tolerable,1
3175,tomcat,1,tone,1,tongue,1
3178,tonnage,1,too involved with,1,topaz,1
3181,torque,1,torus,1,toss,1
3184,toss up,1,totalitarianism,1,towel,1
3187,tower,1,town hall,1,townsfolk,1
3190,toxins,1,trail,1,trailing,1
3193,trained from scratch,2,trajectory,1,tramp,1
3196,transactions,1,transceivers,1,transcendental,1
3199,transcribe,1,transfer,1,transformation,1
3202,transformations,1,transformer,1,transforming,1
3205,transition,1,transitive,1,transliterate,1
3208,transmission,1,transparency,1,transportation,1
3211,Transposable,1,transversal,1,trapezium,2
3214,trapezoid,1,traverses,2,treasury,1
3217,treat,2,treebank,1,trellis,1
3220,trem,1,tremble,1,triangle,1
3223,triangular prism,1,trigonometry,1,trilingual,1
3226,trivel,1,trivial,2,trojan,1
3229,trojan horse,1,tron,1,troop,1
3232,truck,1,trump,1,Tsien,3
3235,Tsien Hsue-Shen,1,TSX,1,tuesday,1
3238,tulip,2,tuple,2,turbulent,1
3241,Turkey,1,Turkiye,1,tutoring,1
3244,twilight,1,type casting,1,tyte,1
3247,Türkiye,1,ubiquity,2,ubuntu,2
3250,Ukraine,1,ultimately,1,unawareness,1
3253,uncharted,1,unconcealable,1,unconventional,1
3256,uncountable,1,undemocratic,1,underlying,1
3259,underneath,1,underrated,1,underscore,1
3262,undertrained,1,undisturbed,1,unencumbered,1
3265,unimpeded,2,union,1,unisex,1
3268,universal suffrage,1,University of Bologna,1,University of Illinois at,2
3271,University of Minnesota,1,unleashing,2,unmilled,1
3274,unprecedented,2,unravell,1,unrolling,1
3277,unsystematic,1,unveil,5,unveiled,3
3280,unveiling,1,unveils,1,unwavering,2
3283,unwilling,1,unwind,1,unyielding,1
3286,update,1,Upstream,1,uranium,1
3289,uranus,1,urban,1,use your hoe to,1
3292,USSR,1,utilization,1,utilize,1
3295,utilizing,1,vacuum,2,valhalla,1
3298,Validation,1,validity,1,valley,2
3301,Vally,1,van der Waals,1,Vantican,1
3304,variable-length,1,variant,1,variation,1
3307,Vatican,1,vault,1,veil,1
3310,velvet,1,ventures,1,verbatim,1
3313,versatile,3,versatility,1,verse,1
3316,version,1,vert,3,very eyes,1
3319,vibration,1,vice-versa,2,vicissitude,1
3322,vies,1,vinegar,1,violets,1
3325,virtue,1,visual treat,2,vivace,1
3328,vivo,1,viz,1,viz.,1
3331,VNNI,1,vocabularay,1,vocabulary,2
3334,voiced consonant,1,voiceless consonant,1,volatile,1
3337,volcano,1,Voldemort,1,volume,1
3340,vovabulary,1,vowel,1,vulnerabilities,1
3343,vulnerability,2,Vulnerable,1,vurvature,1
3346,waddle,1,Wade Giles,1,waffe,1
3349,wallowing in,1,warehouse,1,warp,1
3352,warp scheduling,1,warranty,1,warthog,1
3355,watering can,1,wavy,1,waxy,1
3358,weaker correlations,1,wednesday,1,weight matrices,1
3361,weight saliency metrics,1,weight stationay,2,weighted average,1
3364,well,1,welsh,1,welter,1
3367,Westlake University,1,whack,1,wham,1
3370,whence,1,whilst,2,whitehead,1
3373,widgets,1,wild,2,wind,1
3376,windy,1,windy hill,1,wine,1
3379,winograd,2,Winograd Schema Challenge,1,winograd schema challenge,1
3382,winograde,2,winogrande,1,WIP,2
3385,with a little dedication,1,with respect to,1,wither,1
3388,witnessed,2,woman,1,wombats,1
3391,wondrous,1,worshiipers,1,wrap,2
3394,Wu Kong,1,xenophobia,1,Xmas,1
3397,xylitol,1,yell,1,yellow curry,1
3400,yield,2,yield roe,1,yielding,1
3403,yields,1,yoke,1,you might even want,1
3406,you should swing by,1,you wish,1,youdao,1
3409,your quest is over,1,Zaire,1,zaire,1
3412,zealotry,1,zilla,1,zonda,1
3415,zurich,1,Österreich,1,Комитет Государственной Безопасности,1
3418,“but we show that,1,中山大学,1,交际,1
3421,伊拉克,1,伏地魔,1,俄罗斯方块,1
3424,内向,1,内容,1,分子,1
3427,分母,1,加利福尼亚州,1,包含,1
3430,包括,1,哥斯拉,1,多拉贡,1
3433,多模态,1,寒武纪,1,小天狼星布莱克,1
3436,康赛尔,1,拉文克劳,1,拜登,1
3439,斯内普,1,斯莱特林,1,方便面,1
3442,星云,1,有才,1,柯林斯,1
3445,格兰芬多,1,横坐标,1,毛泽东,1
3448,牛排,1,狙击步枪,1,独立的,1
3451,生产质量,1,目录,1,福,1
3454,纬度,1,纹身,1,终结,1
3457,经度,1,绿宝石,1,罗恩韦斯莱,1
3460,胡子,1,膝关节,1,苏联,1
3463,装备,1,西弗勒斯,1,覆盖,1
3466,词条,1,赫奇帕奇,1,赫敏格兰杰,1
3469,轴心国,1,递归,1,邓布利多,1
3472,金融的,1,钓鱼竿,1,阿不思邓布利多,1
3475,霍格沃茨,1,霍格沃茨魔法学校,1,